Altitude,Reynolds number,Angle_of_Attack,CL,CD,Cm
0,30,-7.0,,,
0,30,-6.0,,,
0,30,-5.0,,,
0,30,-4.0,,,
0,30,-3.0,,,
0,30,-2.0,,,
0,30,-1.0,,,
0,30,0.0,,,
0,30,1.0,,,
0,30,2.0,,,
0,30,3.0,,,
0,30,4.0,,,
0,30,5.0,,,
0,30,6.0,,,
0,30,7.0,,,
0,30,8.0,,,
0,30,9.0,,,
0,30,10.0,,,
0,30,11.0,,,
0,30,12.0,,,
0,30,13.0,,,
0,30,14.0,,,
0,30,15.0,,,
0,50,-7.0,,,
0,50,-6.0,,,
0,50,-5.0,,,
0,50,-4.0,,,
0,50,-3.0,,,
0,50,-2.0,,,
0,50,-1.0,,,
0,50,0.0,,,
0,50,1.0,,,
0,50,2.0,,,
0,50,3.0,,,
0,50,4.0,,,
0,50,5.0,,,
0,50,6.0,,,
0,50,7.0,,,
0,50,8.0,,,
0,50,9.0,,,
0,50,10.0,,,
0,50,11.0,,,
0,50,12.0,,,
0,50,13.0,,,
0,50,14.0,,,
0,50,15.0,,,
0,100,-7.0,,,
0,100,-6.0,,,
0,100,-5.0,,,
0,100,-4.0,,,
0,100,-3.0,,,
0,100,-2.0,,,
0,100,-1.0,,,
0,100,0.0,,,
0,100,1.0,,,
0,100,2.0,,,
0,100,3.0,,,
0,100,4.0,,,
0,100,5.0,,,
0,100,6.0,,,
0,100,7.0,,,
0,100,8.0,,,
0,100,9.0,,,
0,100,10.0,,,
0,100,11.0,,,
0,100,12.0,,,
0,100,13.0,,,
0,100,14.0,,,
0,100,15.0,,,
0,250,-7.0,,,
0,250,-6.0,,,
0,250,-5.0,,,
0,250,-4.0,,,
0,250,-3.0,,,
0,250,-2.0,,,
0,250,-1.0,,,
0,250,0.0,,,
0,250,1.0,,,
0,250,2.0,,,
0,250,3.0,,,
0,250,4.0,,,
0,250,5.0,,,
0,250,6.0,,,
0,250,7.0,,,
0,250,8.0,,,
0,250,9.0,,,
0,250,10.0,,,
0,250,11.0,,,
0,250,12.0,,,
0,250,13.0,,,
0,250,14.0,,,
0,250,15.0,,,
0,500,-7.0,,,
0,500,-6.0,,,
0,500,-5.0,,,
0,500,-4.0,,,
0,500,-3.0,,,
0,500,-2.0,,,
0,500,-1.0,,,
0,500,0.0,,,
0,500,1.0,,,
0,500,2.0,,,
0,500,3.0,,,
0,500,4.0,,,
0,500,5.0,,,
0,500,6.0,,,
0,500,7.0,,,
0,500,8.0,,,
0,500,9.0,,,
0,500,10.0,,,
0,500,11.0,,,
0,500,12.0,,,
0,500,13.0,,,
0,500,14.0,,,
0,500,15.0,,,
0,800,-7.0,,,
0,800,-6.0,,,
0,800,-5.0,,,
0,800,-4.0,,,
0,800,-3.0,,,
0,800,-2.0,,,
0,800,-1.0,,,
0,800,0.0,,,
0,800,1.0,,,
0,800,2.0,,,
0,800,3.0,,,
0,800,4.0,,,
0,800,5.0,,,
0,800,6.0,,,
0,800,7.0,,,
0,800,8.0,,,
0,800,9.0,,,
0,800,10.0,,,
0,800,11.0,,,
0,800,12.0,,,
0,800,13.0,,,
0,800,14.0,,,
0,800,15.0,,,
1000,30,-7.0,,,
1000,30,-6.0,,,
1000,30,-5.0,,,
1000,30,-4.0,,,
1000,30,-3.0,,,
1000,30,-2.0,,,
1000,30,-1.0,,,
1000,30,0.0,,,
1000,30,1.0,,,
1000,30,2.0,,,
1000,30,3.0,,,
1000,30,4.0,,,
1000,30,5.0,,,
1000,30,6.0,,,
1000,30,7.0,,,
1000,30,8.0,,,
1000,30,9.0,,,
1000,30,10.0,,,
1000,30,11.0,,,
1000,30,12.0,,,
1000,30,13.0,,,
1000,30,14.0,,,
1000,30,15.0,,,
1000,50,-7.0,,,
1000,50,-6.0,,,
1000,50,-5.0,,,
1000,50,-4.0,,,
1000,50,-3.0,,,
1000,50,-2.0,,,
1000,50,-1.0,,,
1000,50,0.0,,,
1000,50,1.0,,,
1000,50,2.0,,,
1000,50,3.0,,,
1000,50,4.0,,,
1000,50,5.0,,,
1000,50,6.0,,,
1000,50,7.0,,,
1000,50,8.0,,,
1000,50,9.0,,,
1000,50,10.0,,,
1000,50,11.0,,,
1000,50,12.0,,,
1000,50,13.0,,,
1000,50,14.0,,,
1000,50,15.0,,,
1000,100,-7.0,,,
1000,100,-6.0,,,
1000,100,-5.0,,,
1000,100,-4.0,,,
1000,100,-3.0,,,
1000,100,-2.0,,,
1000,100,-1.0,,,
1000,100,0.0,,,
1000,100,1.0,,,
1000,100,2.0,,,
1000,100,3.0,,,
1000,100,4.0,,,
1000,100,5.0,,,
1000,100,6.0,,,
1000,100,7.0,,,
1000,100,8.0,,,
1000,100,9.0,,,
1000,100,10.0,,,
1000,100,11.0,,,
1000,100,12.0,,,
1000,100,13.0,,,
1000,100,14.0,,,
1000,100,15.0,,,
1000,250,-7.0,,,
1000,250,-6.0,,,
1000,250,-5.0,,,
1000,250,-4.0,,,
1000,250,-3.0,,,
1000,250,-2.0,,,
1000,250,-1.0,,,
1000,250,0.0,,,
1000,250,1.0,,,
1000,250,2.0,,,
1000,250,3.0,,,
1000,250,4.0,,,
1000,250,5.0,,,
1000,250,6.0,,,
1000,250,7.0,,,
1000,250,8.0,,,
1000,250,9.0,,,
1000,250,10.0,,,
1000,250,11.0,,,
1000,250,12.0,,,
1000,250,13.0,,,
1000,250,14.0,,,
1000,250,15.0,,,
1000,500,-7.0,,,
1000,500,-6.0,,,
1000,500,-5.0,,,
1000,500,-4.0,,,
1000,500,-3.0,,,
1000,500,-2.0,,,
1000,500,-1.0,,,
1000,500,0.0,,,
1000,500,1.0,,,
1000,500,2.0,,,
1000,500,3.0,,,
1000,500,4.0,,,
1000,500,5.0,,,
1000,500,6.0,,,
1000,500,7.0,,,
1000,500,8.0,,,
1000,500,9.0,,,
1000,500,10.0,,,
1000,500,11.0,,,
1000,500,12.0,,,
1000,500,13.0,,,
1000,500,14.0,,,
1000,500,15.0,,,
1000,800,-7.0,,,
1000,800,-6.0,,,
1000,800,-5.0,,,
1000,800,-4.0,,,
1000,800,-3.0,,,
1000,800,-2.0,,,
1000,800,-1.0,,,
1000,800,0.0,,,
1000,800,1.0,,,
1000,800,2.0,,,
1000,800,3.0,,,
1000,800,4.0,,,
1000,800,5.0,,,
1000,800,6.0,,,
1000,800,7.0,,,
1000,800,8.0,,,
1000,800,9.0,,,
1000,800,10.0,,,
1000,800,11.0,,,
1000,800,12.0,,,
1000,800,13.0,,,
1000,800,14.0,,,
1000,800,15.0,,,
2000,30,-7.0,,,
2000,30,-6.0,,,
2000,30,-5.0,,,
2000,30,-4.0,,,
2000,30,-3.0,,,
2000,30,-2.0,,,
2000,30,-1.0,,,
2000,30,0.0,,,
2000,30,1.0,,,
2000,30,2.0,,,
2000,30,3.0,,,
2000,30,4.0,,,
2000,30,5.0,,,
2000,30,6.0,,,
2000,30,7.0,,,
2000,30,8.0,,,
2000,30,9.0,,,
2000,30,10.0,,,
2000,30,11.0,,,
2000,30,12.0,,,
2000,30,13.0,,,
2000,30,14.0,,,
2000,30,15.0,,,
2000,50,-7.0,,,
2000,50,-6.0,,,
2000,50,-5.0,,,
2000,50,-4.0,,,
2000,50,-3.0,,,
2000,50,-2.0,,,
2000,50,-1.0,,,
2000,50,0.0,,,
2000,50,1.0,,,
2000,50,2.0,,,
2000,50,3.0,,,
2000,50,4.0,,,
2000,50,5.0,,,
2000,50,6.0,,,
2000,50,7.0,,,
2000,50,8.0,,,
2000,50,9.0,,,
2000,50,10.0,,,
2000,50,11.0,,,
2000,50,12.0,,,
2000,50,13.0,,,
2000,50,14.0,,,
2000,50,15.0,,,
2000,100,-7.0,,,
2000,100,-6.0,,,
2000,100,-5.0,,,
2000,100,-4.0,,,
2000,100,-3.0,,,
2000,100,-2.0,,,
2000,100,-1.0,,,
2000,100,0.0,,,
2000,100,1.0,,,
2000,100,2.0,,,
2000,100,3.0,,,
2000,100,4.0,,,
2000,100,5.0,,,
2000,100,6.0,,,
2000,100,7.0,,,
2000,100,8.0,,,
2000,100,9.0,,,
2000,100,10.0,,,
2000,100,11.0,,,
2000,100,12.0,,,
2000,100,13.0,,,
2000,100,14.0,,,
2000,100,15.0,,,
2000,250,-7.0,,,
2000,250,-6.0,,,
2000,250,-5.0,,,
2000,250,-4.0,,,
2000,250,-3.0,,,
2000,250,-2.0,,,
2000,250,-1.0,,,
2000,250,0.0,,,
2000,250,1.0,,,
2000,250,2.0,,,
2000,250,3.0,,,
2000,250,4.0,,,
2000,250,5.0,,,
2000,250,6.0,,,
2000,250,7.0,,,
2000,250,8.0,,,
2000,250,9.0,,,
2000,250,10.0,,,
2000,250,11.0,,,
2000,250,12.0,,,
2000,250,13.0,,,
2000,250,14.0,,,
2000,250,15.0,,,
2000,500,-7.0,,,
2000,500,-6.0,,,
2000,500,-5.0,,,
2000,500,-4.0,,,
2000,500,-3.0,,,
2000,500,-2.0,,,
2000,500,-1.0,,,
2000,500,0.0,,,
2000,500,1.0,,,
2000,500,2.0,,,
2000,500,3.0,,,
2000,500,4.0,,,
2000,500,5.0,,,
2000,500,6.0,,,
2000,500,7.0,,,
2000,500,8.0,,,
2000,500,9.0,,,
2000,500,10.0,,,
2000,500,11.0,,,
2000,500,12.0,,,
2000,500,13.0,,,
2000,500,14.0,,,
2000,500,15.0,,,
2000,800,-7.0,,,
2000,800,-6.0,,,
2000,800,-5.0,,,
2000,800,-4.0,,,
2000,800,-3.0,,,
2000,800,-2.0,,,
2000,800,-1.0,,,
2000,800,0.0,,,
2000,800,1.0,,,
2000,800,2.0,,,
2000,800,3.0,,,
2000,800,4.0,,,
2000,800,5.0,,,
2000,800,6.0,,,
2000,800,7.0,,,
2000,800,8.0,,,
2000,800,9.0,,,
2000,800,10.0,,,
2000,800,11.0,,,
2000,800,12.0,,,
2000,800,13.0,,,
2000,800,14.0,,,
2000,800,15.0,,,
3000,30,-7.0,,,
3000,30,-6.0,,,
3000,30,-5.0,,,
3000,30,-4.0,,,
3000,30,-3.0,,,
3000,30,-2.0,,,
3000,30,-1.0,,,
3000,30,0.0,,,
3000,30,1.0,,,
3000,30,2.0,,,
3000,30,3.0,,,
3000,30,4.0,,,
3000,30,5.0,,,
3000,30,6.0,,,
3000,30,7.0,,,
3000,30,8.0,,,
3000,30,9.0,,,
3000,30,10.0,,,
3000,30,11.0,,,
3000,30,12.0,,,
3000,30,13.0,,,
3000,30,14.0,,,
3000,30,15.0,,,
3000,50,-7.0,,,
3000,50,-6.0,,,
3000,50,-5.0,,,
3000,50,-4.0,,,
3000,50,-3.0,,,
3000,50,-2.0,,,
3000,50,-1.0,,,
3000,50,0.0,,,
3000,50,1.0,,,
3000,50,2.0,,,
3000,50,3.0,,,
3000,50,4.0,,,
3000,50,5.0,,,
3000,50,6.0,,,
3000,50,7.0,,,
3000,50,8.0,,,
3000,50,9.0,,,
3000,50,10.0,,,
3000,50,11.0,,,
3000,50,12.0,,,
3000,50,13.0,,,
3000,50,14.0,,,
3000,50,15.0,,,
3000,100,-7.0,,,
3000,100,-6.0,,,
3000,100,-5.0,,,
3000,100,-4.0,,,
3000,100,-3.0,,,
3000,100,-2.0,,,
3000,100,-1.0,,,
3000,100,0.0,,,
3000,100,1.0,,,
3000,100,2.0,,,
3000,100,3.0,,,
3000,100,4.0,,,
3000,100,5.0,,,
3000,100,6.0,,,
3000,100,7.0,,,
3000,100,8.0,,,
3000,100,9.0,,,
3000,100,10.0,,,
3000,100,11.0,,,
3000,100,12.0,,,
3000,100,13.0,,,
3000,100,14.0,,,
3000,100,15.0,,,
3000,250,-7.0,,,
3000,250,-6.0,,,
3000,250,-5.0,,,
3000,250,-4.0,,,
3000,250,-3.0,,,
3000,250,-2.0,,,
3000,250,-1.0,,,
3000,250,0.0,,,
3000,250,1.0,,,
3000,250,2.0,,,
3000,250,3.0,,,
3000,250,4.0,,,
3000,250,5.0,,,
3000,250,6.0,,,
3000,250,7.0,,,
3000,250,8.0,,,
3000,250,9.0,,,
3000,250,10.0,,,
3000,250,11.0,,,
3000,250,12.0,,,
3000,250,13.0,,,
3000,250,14.0,,,
3000,250,15.0,,,
3000,500,-7.0,,,
3000,500,-6.0,,,
3000,500,-5.0,,,
3000,500,-4.0,,,
3000,500,-3.0,,,
3000,500,-2.0,,,
3000,500,-1.0,,,
3000,500,0.0,,,
3000,500,1.0,,,
3000,500,2.0,,,
3000,500,3.0,,,
3000,500,4.0,,,
3000,500,5.0,,,
3000,500,6.0,,,
3000,500,7.0,,,
3000,500,8.0,,,
3000,500,9.0,,,
3000,500,10.0,,,
3000,500,11.0,,,
3000,500,12.0,,,
3000,500,13.0,,,
3000,500,14.0,,,
3000,500,15.0,,,
3000,800,-7.0,,,
3000,800,-6.0,,,
3000,800,-5.0,,,
3000,800,-4.0,,,
3000,800,-3.0,,,
3000,800,-2.0,,,
3000,800,-1.0,,,
3000,800,0.0,,,
3000,800,1.0,,,
3000,800,2.0,,,
3000,800,3.0,,,
3000,800,4.0,,,
3000,800,5.0,,,
3000,800,6.0,,,
3000,800,7.0,,,
3000,800,8.0,,,
3000,800,9.0,,,
3000,800,10.0,,,
3000,800,11.0,,,
3000,800,12.0,,,
3000,800,13.0,,,
3000,800,14.0,,,
3000,800,15.0,,,
4000,30,-7.0,,,
4000,30,-6.0,,,
4000,30,-5.0,,,
4000,30,-4.0,,,
4000,30,-3.0,,,
4000,30,-2.0,,,
4000,30,-1.0,,,
4000,30,0.0,,,
4000,30,1.0,,,
4000,30,2.0,,,
4000,30,3.0,,,
4000,30,4.0,,,
4000,30,5.0,,,
4000,30,6.0,,,
4000,30,7.0,,,
4000,30,8.0,,,
4000,30,9.0,,,
4000,30,10.0,,,
4000,30,11.0,,,
4000,30,12.0,,,
4000,30,13.0,,,
4000,30,14.0,,,
4000,30,15.0,,,
4000,50,-7.0,,,
4000,50,-6.0,,,
4000,50,-5.0,,,
4000,50,-4.0,,,
4000,50,-3.0,,,
4000,50,-2.0,,,
4000,50,-1.0,,,
4000,50,0.0,,,
4000,50,1.0,,,
4000,50,2.0,,,
4000,50,3.0,,,
4000,50,4.0,,,
4000,50,5.0,,,
4000,50,6.0,,,
4000,50,7.0,,,
4000,50,8.0,,,
4000,50,9.0,,,
4000,50,10.0,,,
4000,50,11.0,,,
4000,50,12.0,,,
4000,50,13.0,,,
4000,50,14.0,,,
4000,50,15.0,,,
4000,100,-7.0,,,
4000,100,-6.0,,,
4000,100,-5.0,,,
4000,100,-4.0,,,
4000,100,-3.0,,,
4000,100,-2.0,,,
4000,100,-1.0,,,
4000,100,0.0,,,
4000,100,1.0,,,
4000,100,2.0,,,
4000,100,3.0,,,
4000,100,4.0,,,
4000,100,5.0,,,
4000,100,6.0,,,
4000,100,7.0,,,
4000,100,8.0,,,
4000,100,9.0,,,
4000,100,10.0,,,
4000,100,11.0,,,
4000,100,12.0,,,
4000,100,13.0,,,
4000,100,14.0,,,
4000,100,15.0,,,
4000,250,-7.0,,,
4000,250,-6.0,,,
4000,250,-5.0,,,
4000,250,-4.0,,,
4000,250,-3.0,,,
4000,250,-2.0,,,
4000,250,-1.0,,,
4000,250,0.0,,,
4000,250,1.0,,,
4000,250,2.0,,,
4000,250,3.0,,,
4000,250,4.0,,,
4000,250,5.0,,,
4000,250,6.0,,,
4000,250,7.0,,,
4000,250,8.0,,,
4000,250,9.0,,,
4000,250,10.0,,,
4000,250,11.0,,,
4000,250,12.0,,,
4000,250,13.0,,,
4000,250,14.0,,,
4000,250,15.0,,,
4000,500,-7.0,,,
4000,500,-6.0,,,
4000,500,-5.0,,,
4000,500,-4.0,,,
4000,500,-3.0,,,
4000,500,-2.0,,,
4000,500,-1.0,,,
4000,500,0.0,,,
4000,500,1.0,,,
4000,500,2.0,,,
4000,500,3.0,,,
4000,500,4.0,,,
4000,500,5.0,,,
4000,500,6.0,,,
4000,500,7.0,,,
4000,500,8.0,,,
4000,500,9.0,,,
4000,500,10.0,,,
4000,500,11.0,,,
4000,500,12.0,,,
4000,500,13.0,,,
4000,500,14.0,,,
4000,500,15.0,,,
4000,800,-7.0,,,
4000,800,-6.0,,,
4000,800,-5.0,,,
4000,800,-4.0,,,
4000,800,-3.0,,,
4000,800,-2.0,,,
4000,800,-1.0,,,
4000,800,0.0,,,
4000,800,1.0,,,
4000,800,2.0,,,
4000,800,3.0,,,
4000,800,4.0,,,
4000,800,5.0,,,
4000,800,6.0,,,
4000,800,7.0,,,
4000,800,8.0,,,
4000,800,9.0,,,
4000,800,10.0,,,
4000,800,11.0,,,
4000,800,12.0,,,
4000,800,13.0,,,
4000,800,14.0,,,
4000,800,15.0,,,
5000,30,-7.0,,,
5000,30,-6.0,,,
5000,30,-5.0,,,
5000,30,-4.0,,,
5000,30,-3.0,,,
5000,30,-2.0,,,
5000,30,-1.0,,,
5000,30,0.0,,,
5000,30,1.0,,,
5000,30,2.0,,,
5000,30,3.0,,,
5000,30,4.0,,,
5000,30,5.0,,,
5000,30,6.0,,,
5000,30,7.0,,,
5000,30,8.0,,,
5000,30,9.0,,,
5000,30,10.0,,,
5000,30,11.0,,,
5000,30,12.0,,,
5000,30,13.0,,,
5000,30,14.0,,,
5000,30,15.0,,,
5000,50,-7.0,,,
5000,50,-6.0,,,
5000,50,-5.0,,,
5000,50,-4.0,,,
5000,50,-3.0,,,
5000,50,-2.0,,,
5000,50,-1.0,,,
5000,50,0.0,,,
5000,50,1.0,,,
5000,50,2.0,,,
5000,50,3.0,,,
5000,50,4.0,,,
5000,50,5.0,,,
5000,50,6.0,,,
5000,50,7.0,,,
5000,50,8.0,,,
5000,50,9.0,,,
5000,50,10.0,,,
5000,50,11.0,,,
5000,50,12.0,,,
5000,50,13.0,,,
5000,50,14.0,,,
5000,50,15.0,,,
5000,100,-7.0,,,
5000,100,-6.0,,,
5000,100,-5.0,,,
5000,100,-4.0,,,
5000,100,-3.0,,,
5000,100,-2.0,,,
5000,100,-1.0,,,
5000,100,0.0,,,
5000,100,1.0,,,
5000,100,2.0,,,
5000,100,3.0,,,
5000,100,4.0,,,
5000,100,5.0,,,
5000,100,6.0,,,
5000,100,7.0,,,
5000,100,8.0,,,
5000,100,9.0,,,
5000,100,10.0,,,
5000,100,11.0,,,
5000,100,12.0,,,
5000,100,13.0,,,
5000,100,14.0,,,
5000,100,15.0,,,
5000,250,-7.0,,,
5000,250,-6.0,,,
5000,250,-5.0,,,
5000,250,-4.0,,,
5000,250,-3.0,,,
5000,250,-2.0,,,
5000,250,-1.0,,,
5000,250,0.0,,,
5000,250,1.0,,,
5000,250,2.0,,,
5000,250,3.0,,,
5000,250,4.0,,,
5000,250,5.0,,,
5000,250,6.0,,,
5000,250,7.0,,,
5000,250,8.0,,,
5000,250,9.0,,,
5000,250,10.0,,,
5000,250,11.0,,,
5000,250,12.0,,,
5000,250,13.0,,,
5000,250,14.0,,,
5000,250,15.0,,,
5000,500,-7.0,,,
5000,500,-6.0,,,
5000,500,-5.0,,,
5000,500,-4.0,,,
5000,500,-3.0,,,
5000,500,-2.0,,,
5000,500,-1.0,,,
5000,500,0.0,,,
5000,500,1.0,,,
5000,500,2.0,,,
5000,500,3.0,,,
5000,500,4.0,,,
5000,500,5.0,,,
5000,500,6.0,,,
5000,500,7.0,,,
5000,500,8.0,,,
5000,500,9.0,,,
5000,500,10.0,,,
5000,500,11.0,,,
5000,500,12.0,,,
5000,500,13.0,,,
5000,500,14.0,,,
5000,500,15.0,,,
5000,800,-7.0,,,
5000,800,-6.0,,,
5000,800,-5.0,,,
5000,800,-4.0,,,
5000,800,-3.0,,,
5000,800,-2.0,,,
5000,800,-1.0,,,
5000,800,0.0,,,
5000,800,1.0,,,
5000,800,2.0,,,
5000,800,3.0,,,
5000,800,4.0,,,
5000,800,5.0,,,
5000,800,6.0,,,
5000,800,7.0,,,
5000,800,8.0,,,
5000,800,9.0,,,
5000,800,10.0,,,
5000,800,11.0,,,
5000,800,12.0,,,
5000,800,13.0,,,
5000,800,14.0,,,
5000,800,15.0,,,
6000,30,-7.0,,,
6000,30,-6.0,,,
6000,30,-5.0,,,
6000,30,-4.0,,,
6000,30,-3.0,,,
6000,30,-2.0,,,
6000,30,-1.0,,,
6000,30,0.0,,,
6000,30,1.0,,,
6000,30,2.0,,,
6000,30,3.0,,,
6000,30,4.0,,,
6000,30,5.0,,,
6000,30,6.0,,,
6000,30,7.0,,,
6000,30,8.0,,,
6000,30,9.0,,,
6000,30,10.0,,,
6000,30,11.0,,,
6000,30,12.0,,,
6000,30,13.0,,,
6000,30,14.0,,,
6000,30,15.0,,,
6000,50,-7.0,,,
6000,50,-6.0,,,
6000,50,-5.0,,,
6000,50,-4.0,,,
6000,50,-3.0,,,
6000,50,-2.0,,,
6000,50,-1.0,,,
6000,50,0.0,,,
6000,50,1.0,,,
6000,50,2.0,,,
6000,50,3.0,,,
6000,50,4.0,,,
6000,50,5.0,,,
6000,50,6.0,,,
6000,50,7.0,,,
6000,50,8.0,,,
6000,50,9.0,,,
6000,50,10.0,,,
6000,50,11.0,,,
6000,50,12.0,,,
6000,50,13.0,,,
6000,50,14.0,,,
6000,50,15.0,,,
6000,100,-7.0,,,
6000,100,-6.0,,,
6000,100,-5.0,,,
6000,100,-4.0,,,
6000,100,-3.0,,,
6000,100,-2.0,,,
6000,100,-1.0,,,
6000,100,0.0,,,
6000,100,1.0,,,
6000,100,2.0,,,
6000,100,3.0,,,
6000,100,4.0,,,
6000,100,5.0,,,
6000,100,6.0,,,
6000,100,7.0,,,
6000,100,8.0,,,
6000,100,9.0,,,
6000,100,10.0,,,
6000,100,11.0,,,
6000,100,12.0,,,
6000,100,13.0,,,
6000,100,14.0,,,
6000,100,15.0,,,
6000,250,-7.0,,,
6000,250,-6.0,,,
6000,250,-5.0,,,
6000,250,-4.0,,,
6000,250,-3.0,,,
6000,250,-2.0,,,
6000,250,-1.0,,,
6000,250,0.0,,,
6000,250,1.0,,,
6000,250,2.0,,,
6000,250,3.0,,,
6000,250,4.0,,,
6000,250,5.0,,,
6000,250,6.0,,,
6000,250,7.0,,,
6000,250,8.0,,,
6000,250,9.0,,,
6000,250,10.0,,,
6000,250,11.0,,,
6000,250,12.0,,,
6000,250,13.0,,,
6000,250,14.0,,,
6000,250,15.0,,,
6000,500,-7.0,,,
6000,500,-6.0,,,
6000,500,-5.0,,,
6000,500,-4.0,,,
6000,500,-3.0,,,
6000,500,-2.0,,,
6000,500,-1.0,,,
6000,500,0.0,,,
6000,500,1.0,,,
6000,500,2.0,,,
6000,500,3.0,,,
6000,500,4.0,,,
6000,500,5.0,,,
6000,500,6.0,,,
6000,500,7.0,,,
6000,500,8.0,,,
6000,500,9.0,,,
6000,500,10.0,,,
6000,500,11.0,,,
6000,500,12.0,,,
6000,500,13.0,,,
6000,500,14.0,,,
6000,500,15.0,,,
6000,800,-7.0,,,
6000,800,-6.0,,,
6000,800,-5.0,,,
6000,800,-4.0,,,
6000,800,-3.0,,,
6000,800,-2.0,,,
6000,800,-1.0,,,
6000,800,0.0,,,
6000,800,1.0,,,
6000,800,2.0,,,
6000,800,3.0,,,
6000,800,4.0,,,
6000,800,5.0,,,
6000,800,6.0,,,
6000,800,7.0,,,
6000,800,8.0,,,
6000,800,9.0,,,
6000,800,10.0,,,
6000,800,11.0,,,
6000,800,12.0,,,
6000,800,13.0,,,
6000,800,14.0,,,
6000,800,15.0,,,
7000,30,-7.0,,,
7000,30,-6.0,,,
7000,30,-5.0,,,
7000,30,-4.0,,,
7000,30,-3.0,,,
7000,30,-2.0,,,
7000,30,-1.0,,,
7000,30,0.0,,,
7000,30,1.0,,,
7000,30,2.0,,,
7000,30,3.0,,,
7000,30,4.0,,,
7000,30,5.0,,,
7000,30,6.0,,,
7000,30,7.0,,,
7000,30,8.0,,,
7000,30,9.0,,,
7000,30,10.0,,,
7000,30,11.0,,,
7000,30,12.0,,,
7000,30,13.0,,,
7000,30,14.0,,,
7000,30,15.0,,,
7000,50,-7.0,,,
7000,50,-6.0,,,
7000,50,-5.0,,,
7000,50,-4.0,,,
7000,50,-3.0,,,
7000,50,-2.0,,,
7000,50,-1.0,,,
7000,50,0.0,,,
7000,50,1.0,,,
7000,50,2.0,,,
7000,50,3.0,,,
7000,50,4.0,,,
7000,50,5.0,,,
7000,50,6.0,,,
7000,50,7.0,,,
7000,50,8.0,,,
7000,50,9.0,,,
7000,50,10.0,,,
7000,50,11.0,,,
7000,50,12.0,,,
7000,50,13.0,,,
7000,50,14.0,,,
7000,50,15.0,,,
7000,100,-7.0,,,
7000,100,-6.0,,,
7000,100,-5.0,,,
7000,100,-4.0,,,
7000,100,-3.0,,,
7000,100,-2.0,,,
7000,100,-1.0,,,
7000,100,0.0,,,
7000,100,1.0,,,
7000,100,2.0,,,
7000,100,3.0,,,
7000,100,4.0,,,
7000,100,5.0,,,
7000,100,6.0,,,
7000,100,7.0,,,
7000,100,8.0,,,
7000,100,9.0,,,
7000,100,10.0,,,
7000,100,11.0,,,
7000,100,12.0,,,
7000,100,13.0,,,
7000,100,14.0,,,
7000,100,15.0,,,
7000,250,-7.0,,,
7000,250,-6.0,,,
7000,250,-5.0,,,
7000,250,-4.0,,,
7000,250,-3.0,,,
7000,250,-2.0,,,
7000,250,-1.0,,,
7000,250,0.0,,,
7000,250,1.0,,,
7000,250,2.0,,,
7000,250,3.0,,,
7000,250,4.0,,,
7000,250,5.0,,,
7000,250,6.0,,,
7000,250,7.0,,,
7000,250,8.0,,,
7000,250,9.0,,,
7000,250,10.0,,,
7000,250,11.0,,,
7000,250,12.0,,,
7000,250,13.0,,,
7000,250,14.0,,,
7000,250,15.0,,,
7000,500,-7.0,,,
7000,500,-6.0,,,
7000,500,-5.0,,,
7000,500,-4.0,,,
7000,500,-3.0,,,
7000,500,-2.0,,,
7000,500,-1.0,,,
7000,500,0.0,,,
7000,500,1.0,,,
7000,500,2.0,,,
7000,500,3.0,,,
7000,500,4.0,,,
7000,500,5.0,,,
7000,500,6.0,,,
7000,500,7.0,,,
7000,500,8.0,,,
7000,500,9.0,,,
7000,500,10.0,,,
7000,500,11.0,,,
7000,500,12.0,,,
7000,500,13.0,,,
7000,500,14.0,,,
7000,500,15.0,,,
7000,800,-7.0,,,
7000,800,-6.0,,,
7000,800,-5.0,,,
7000,800,-4.0,,,
7000,800,-3.0,,,
7000,800,-2.0,,,
7000,800,-1.0,,,
7000,800,0.0,,,
7000,800,1.0,,,
7000,800,2.0,,,
7000,800,3.0,,,
7000,800,4.0,,,
7000,800,5.0,,,
7000,800,6.0,,,
7000,800,7.0,,,
7000,800,8.0,,,
7000,800,9.0,,,
7000,800,10.0,,,
7000,800,11.0,,,
7000,800,12.0,,,
7000,800,13.0,,,
7000,800,14.0,,,
7000,800,15.0,,,
8000,30,-7.0,,,
8000,30,-6.0,,,
8000,30,-5.0,,,
8000,30,-4.0,,,
8000,30,-3.0,,,
8000,30,-2.0,,,
8000,30,-1.0,,,
8000,30,0.0,,,
8000,30,1.0,,,
8000,30,2.0,,,
8000,30,3.0,,,
8000,30,4.0,,,
8000,30,5.0,,,
8000,30,6.0,,,
8000,30,7.0,,,
8000,30,8.0,,,
8000,30,9.0,,,
8000,30,10.0,,,
8000,30,11.0,,,
8000,30,12.0,,,
8000,30,13.0,,,
8000,30,14.0,,,
8000,30,15.0,,,
8000,50,-7.0,,,
8000,50,-6.0,,,
8000,50,-5.0,,,
8000,50,-4.0,,,
8000,50,-3.0,,,
8000,50,-2.0,,,
8000,50,-1.0,,,
8000,50,0.0,,,
8000,50,1.0,,,
8000,50,2.0,,,
8000,50,3.0,,,
8000,50,4.0,,,
8000,50,5.0,,,
8000,50,6.0,,,
8000,50,7.0,,,
8000,50,8.0,,,
8000,50,9.0,,,
8000,50,10.0,,,
8000,50,11.0,,,
8000,50,12.0,,,
8000,50,13.0,,,
8000,50,14.0,,,
8000,50,15.0,,,
8000,100,-7.0,,,
8000,100,-6.0,,,
8000,100,-5.0,,,
8000,100,-4.0,,,
8000,100,-3.0,,,
8000,100,-2.0,,,
8000,100,-1.0,,,
8000,100,0.0,,,
8000,100,1.0,,,
8000,100,2.0,,,
8000,100,3.0,,,
8000,100,4.0,,,
8000,100,5.0,,,
8000,100,6.0,,,
8000,100,7.0,,,
8000,100,8.0,,,
8000,100,9.0,,,
8000,100,10.0,,,
8000,100,11.0,,,
8000,100,12.0,,,
8000,100,13.0,,,
8000,100,14.0,,,
8000,100,15.0,,,
8000,250,-7.0,,,
8000,250,-6.0,,,
8000,250,-5.0,,,
8000,250,-4.0,,,
8000,250,-3.0,,,
8000,250,-2.0,,,
8000,250,-1.0,,,
8000,250,0.0,,,
8000,250,1.0,,,
8000,250,2.0,,,
8000,250,3.0,,,
8000,250,4.0,,,
8000,250,5.0,,,
8000,250,6.0,,,
8000,250,7.0,,,
8000,250,8.0,,,
8000,250,9.0,,,
8000,250,10.0,,,
8000,250,11.0,,,
8000,250,12.0,,,
8000,250,13.0,,,
8000,250,14.0,,,
8000,250,15.0,,,
8000,500,-7.0,,,
8000,500,-6.0,,,
8000,500,-5.0,,,
8000,500,-4.0,,,
8000,500,-3.0,,,
8000,500,-2.0,,,
8000,500,-1.0,,,
8000,500,0.0,,,
8000,500,1.0,,,
8000,500,2.0,,,
8000,500,3.0,,,
8000,500,4.0,,,
8000,500,5.0,,,
8000,500,6.0,,,
8000,500,7.0,,,
8000,500,8.0,,,
8000,500,9.0,,,
8000,500,10.0,,,
8000,500,11.0,,,
8000,500,12.0,,,
8000,500,13.0,,,
8000,500,14.0,,,
8000,500,15.0,,,
8000,800,-7.0,,,
8000,800,-6.0,,,
8000,800,-5.0,,,
8000,800,-4.0,,,
8000,800,-3.0,,,
8000,800,-2.0,,,
8000,800,-1.0,,,
8000,800,0.0,,,
8000,800,1.0,,,
8000,800,2.0,,,
8000,800,3.0,,,
8000,800,4.0,,,
8000,800,5.0,,,
8000,800,6.0,,,
8000,800,7.0,,,
8000,800,8.0,,,
8000,800,9.0,,,
8000,800,10.0,,,
8000,800,11.0,,,
8000,800,12.0,,,
8000,800,13.0,,,
8000,800,14.0,,,
8000,800,15.0,,,
9000,30,-7.0,,,
9000,30,-6.0,,,
9000,30,-5.0,,,
9000,30,-4.0,,,
9000,30,-3.0,,,
9000,30,-2.0,,,
9000,30,-1.0,,,
9000,30,0.0,,,
9000,30,1.0,,,
9000,30,2.0,,,
9000,30,3.0,,,
9000,30,4.0,,,
9000,30,5.0,,,
9000,30,6.0,,,
9000,30,7.0,,,
9000,30,8.0,,,
9000,30,9.0,,,
9000,30,10.0,,,
9000,30,11.0,,,
9000,30,12.0,,,
9000,30,13.0,,,
9000,30,14.0,,,
9000,30,15.0,,,
9000,50,-7.0,,,
9000,50,-6.0,,,
9000,50,-5.0,,,
9000,50,-4.0,,,
9000,50,-3.0,,,
9000,50,-2.0,,,
9000,50,-1.0,,,
9000,50,0.0,,,
9000,50,1.0,,,
9000,50,2.0,,,
9000,50,3.0,,,
9000,50,4.0,,,
9000,50,5.0,,,
9000,50,6.0,,,
9000,50,7.0,,,
9000,50,8.0,,,
9000,50,9.0,,,
9000,50,10.0,,,
9000,50,11.0,,,
9000,50,12.0,,,
9000,50,13.0,,,
9000,50,14.0,,,
9000,50,15.0,,,
9000,100,-7.0,,,
9000,100,-6.0,,,
9000,100,-5.0,,,
9000,100,-4.0,,,
9000,100,-3.0,,,
9000,100,-2.0,,,
9000,100,-1.0,,,
9000,100,0.0,,,
9000,100,1.0,,,
9000,100,2.0,,,
9000,100,3.0,,,
9000,100,4.0,,,
9000,100,5.0,,,
9000,100,6.0,,,
9000,100,7.0,,,
9000,100,8.0,,,
9000,100,9.0,,,
9000,100,10.0,,,
9000,100,11.0,,,
9000,100,12.0,,,
9000,100,13.0,,,
9000,100,14.0,,,
9000,100,15.0,,,
9000,250,-7.0,,,
9000,250,-6.0,,,
9000,250,-5.0,,,
9000,250,-4.0,,,
9000,250,-3.0,,,
9000,250,-2.0,,,
9000,250,-1.0,,,
9000,250,0.0,,,
9000,250,1.0,,,
9000,250,2.0,,,
9000,250,3.0,,,
9000,250,4.0,,,
9000,250,5.0,,,
9000,250,6.0,,,
9000,250,7.0,,,
9000,250,8.0,,,
9000,250,9.0,,,
9000,250,10.0,,,
9000,250,11.0,,,
9000,250,12.0,,,
9000,250,13.0,,,
9000,250,14.0,,,
9000,250,15.0,,,
9000,500,-7.0,,,
9000,500,-6.0,,,
9000,500,-5.0,,,
9000,500,-4.0,,,
9000,500,-3.0,,,
9000,500,-2.0,,,
9000,500,-1.0,,,
9000,500,0.0,,,
9000,500,1.0,,,
9000,500,2.0,,,
9000,500,3.0,,,
9000,500,4.0,,,
9000,500,5.0,,,
9000,500,6.0,,,
9000,500,7.0,,,
9000,500,8.0,,,
9000,500,9.0,,,
9000,500,10.0,,,
9000,500,11.0,,,
9000,500,12.0,,,
9000,500,13.0,,,
9000,500,14.0,,,
9000,500,15.0,,,
9000,800,-7.0,,,
9000,800,-6.0,,,
9000,800,-5.0,,,
9000,800,-4.0,,,
9000,800,-3.0,,,
9000,800,-2.0,,,
9000,800,-1.0,,,
9000,800,0.0,,,
9000,800,1.0,,,
9000,800,2.0,,,
9000,800,3.0,,,
9000,800,4.0,,,
9000,800,5.0,,,
9000,800,6.0,,,
9000,800,7.0,,,
9000,800,8.0,,,
9000,800,9.0,,,
9000,800,10.0,,,
9000,800,11.0,,,
9000,800,12.0,,,
9000,800,13.0,,,
9000,800,14.0,,,
9000,800,15.0,,,
10000,30,-7.0,,,
10000,30,-6.0,,,
10000,30,-5.0,,,
10000,30,-4.0,,,
10000,30,-3.0,,,
10000,30,-2.0,,,
10000,30,-1.0,,,
10000,30,0.0,,,
10000,30,1.0,,,
10000,30,2.0,,,
10000,30,3.0,,,
10000,30,4.0,,,
10000,30,5.0,,,
10000,30,6.0,,,
10000,30,7.0,,,
10000,30,8.0,,,
10000,30,9.0,,,
10000,30,10.0,,,
10000,30,11.0,,,
10000,30,12.0,,,
10000,30,13.0,,,
10000,30,14.0,,,
10000,30,15.0,,,
10000,50,-7.0,,,
10000,50,-6.0,,,
10000,50,-5.0,,,
10000,50,-4.0,,,
10000,50,-3.0,,,
10000,50,-2.0,,,
10000,50,-1.0,,,
10000,50,0.0,,,
10000,50,1.0,,,
10000,50,2.0,,,
10000,50,3.0,,,
10000,50,4.0,,,
10000,50,5.0,,,
10000,50,6.0,,,
10000,50,7.0,,,
10000,50,8.0,,,
10000,50,9.0,,,
10000,50,10.0,,,
10000,50,11.0,,,
10000,50,12.0,,,
10000,50,13.0,,,
10000,50,14.0,,,
10000,50,15.0,,,
10000,100,-7.0,,,
10000,100,-6.0,,,
10000,100,-5.0,,,
10000,100,-4.0,,,
10000,100,-3.0,,,
10000,100,-2.0,,,
10000,100,-1.0,,,
10000,100,0.0,,,
10000,100,1.0,,,
10000,100,2.0,,,
10000,100,3.0,,,
10000,100,4.0,,,
10000,100,5.0,,,
10000,100,6.0,,,
10000,100,7.0,,,
10000,100,8.0,,,
10000,100,9.0,,,
10000,100,10.0,,,
10000,100,11.0,,,
10000,100,12.0,,,
10000,100,13.0,,,
10000,100,14.0,,,
10000,100,15.0,,,
10000,250,-7.0,,,
10000,250,-6.0,,,
10000,250,-5.0,,,
10000,250,-4.0,,,
10000,250,-3.0,,,
10000,250,-2.0,,,
10000,250,-1.0,,,
10000,250,0.0,,,
10000,250,1.0,,,
10000,250,2.0,,,
10000,250,3.0,,,
10000,250,4.0,,,
10000,250,5.0,,,
10000,250,6.0,,,
10000,250,7.0,,,
10000,250,8.0,,,
10000,250,9.0,,,
10000,250,10.0,,,
10000,250,11.0,,,
10000,250,12.0,,,
10000,250,13.0,,,
10000,250,14.0,,,
10000,250,15.0,,,
10000,500,-7.0,,,
10000,500,-6.0,,,
10000,500,-5.0,,,
10000,500,-4.0,,,
10000,500,-3.0,,,
10000,500,-2.0,,,
10000,500,-1.0,,,
10000,500,0.0,,,
10000,500,1.0,,,
10000,500,2.0,,,
10000,500,3.0,,,
10000,500,4.0,,,
10000,500,5.0,,,
10000,500,6.0,,,
10000,500,7.0,,,
10000,500,8.0,,,
10000,500,9.0,,,
10000,500,10.0,,,
10000,500,11.0,,,
10000,500,12.0,,,
10000,500,13.0,,,
10000,500,14.0,,,
10000,500,15.0,,,
10000,800,-7.0,,,
10000,800,-6.0,,,
10000,800,-5.0,,,
10000,800,-4.0,,,
10000,800,-3.0,,,
10000,800,-2.0,,,
10000,800,-1.0,,,
10000,800,0.0,,,
10000,800,1.0,,,
10000,800,2.0,,,
10000,800,3.0,,,
10000,800,4.0,,,
10000,800,5.0,,,
10000,800,6.0,,,
10000,800,7.0,,,
10000,800,8.0,,,
10000,800,9.0,,,
10000,800,10.0,,,
10000,800,11.0,,,
10000,800,12.0,,,
10000,800,13.0,,,
10000,800,14.0,,,
10000,800,15.0,,,
11000,30,-7.0,,,
11000,30,-6.0,,,
11000,30,-5.0,,,
11000,30,-4.0,,,
11000,30,-3.0,,,
11000,30,-2.0,,,
11000,30,-1.0,,,
11000,30,0.0,,,
11000,30,1.0,,,
11000,30,2.0,,,
11000,30,3.0,,,
11000,30,4.0,,,
11000,30,5.0,,,
11000,30,6.0,,,
11000,30,7.0,,,
11000,30,8.0,,,
11000,30,9.0,,,
11000,30,10.0,,,
11000,30,11.0,,,
11000,30,12.0,,,
11000,30,13.0,,,
11000,30,14.0,,,
11000,30,15.0,,,
11000,50,-7.0,,,
11000,50,-6.0,,,
11000,50,-5.0,,,
11000,50,-4.0,,,
11000,50,-3.0,,,
11000,50,-2.0,,,
11000,50,-1.0,,,
11000,50,0.0,,,
11000,50,1.0,,,
11000,50,2.0,,,
11000,50,3.0,,,
11000,50,4.0,,,
11000,50,5.0,,,
11000,50,6.0,,,
11000,50,7.0,,,
11000,50,8.0,,,
11000,50,9.0,,,
11000,50,10.0,,,
11000,50,11.0,,,
11000,50,12.0,,,
11000,50,13.0,,,
11000,50,14.0,,,
11000,50,15.0,,,
11000,100,-7.0,,,
11000,100,-6.0,,,
11000,100,-5.0,,,
11000,100,-4.0,,,
11000,100,-3.0,,,
11000,100,-2.0,,,
11000,100,-1.0,,,
11000,100,0.0,,,
11000,100,1.0,,,
11000,100,2.0,,,
11000,100,3.0,,,
11000,100,4.0,,,
11000,100,5.0,,,
11000,100,6.0,,,
11000,100,7.0,,,
11000,100,8.0,,,
11000,100,9.0,,,
11000,100,10.0,,,
11000,100,11.0,,,
11000,100,12.0,,,
11000,100,13.0,,,
11000,100,14.0,,,
11000,100,15.0,,,
11000,250,-7.0,,,
11000,250,-6.0,,,
11000,250,-5.0,,,
11000,250,-4.0,,,
11000,250,-3.0,,,
11000,250,-2.0,,,
11000,250,-1.0,,,
11000,250,0.0,,,
11000,250,1.0,,,
11000,250,2.0,,,
11000,250,3.0,,,
11000,250,4.0,,,
11000,250,5.0,,,
11000,250,6.0,,,
11000,250,7.0,,,
11000,250,8.0,,,
11000,250,9.0,,,
11000,250,10.0,,,
11000,250,11.0,,,
11000,250,12.0,,,
11000,250,13.0,,,
11000,250,14.0,,,
11000,250,15.0,,,
11000,500,-7.0,,,
11000,500,-6.0,,,
11000,500,-5.0,,,
11000,500,-4.0,,,
11000,500,-3.0,,,
11000,500,-2.0,,,
11000,500,-1.0,,,
11000,500,0.0,,,
11000,500,1.0,,,
11000,500,2.0,,,
11000,500,3.0,,,
11000,500,4.0,,,
11000,500,5.0,,,
11000,500,6.0,,,
11000,500,7.0,,,
11000,500,8.0,,,
11000,500,9.0,,,
11000,500,10.0,,,
11000,500,11.0,,,
11000,500,12.0,,,
11000,500,13.0,,,
11000,500,14.0,,,
11000,500,15.0,,,
11000,800,-7.0,,,
11000,800,-6.0,,,
11000,800,-5.0,,,
11000,800,-4.0,,,
11000,800,-3.0,,,
11000,800,-2.0,,,
11000,800,-1.0,,,
11000,800,0.0,,,
11000,800,1.0,,,
11000,800,2.0,,,
11000,800,3.0,,,
11000,800,4.0,,,
11000,800,5.0,,,
11000,800,6.0,,,
11000,800,7.0,,,
11000,800,8.0,,,
11000,800,9.0,,,
11000,800,10.0,,,
11000,800,11.0,,,
11000,800,12.0,,,
11000,800,13.0,,,
11000,800,14.0,,,
11000,800,15.0,,,
12000,30,-7.0,,,
12000,30,-6.0,,,
12000,30,-5.0,,,
12000,30,-4.0,,,
12000,30,-3.0,,,
12000,30,-2.0,,,
12000,30,-1.0,,,
12000,30,0.0,,,
12000,30,1.0,,,
12000,30,2.0,,,
12000,30,3.0,,,
12000,30,4.0,,,
12000,30,5.0,,,
12000,30,6.0,,,
12000,30,7.0,,,
12000,30,8.0,,,
12000,30,9.0,,,
12000,30,10.0,,,
12000,30,11.0,,,
12000,30,12.0,,,
12000,30,13.0,,,
12000,30,14.0,,,
12000,30,15.0,,,
12000,50,-7.0,,,
12000,50,-6.0,,,
12000,50,-5.0,,,
12000,50,-4.0,,,
12000,50,-3.0,,,
12000,50,-2.0,,,
12000,50,-1.0,,,
12000,50,0.0,,,
12000,50,1.0,,,
12000,50,2.0,,,
12000,50,3.0,,,
12000,50,4.0,,,
12000,50,5.0,,,
12000,50,6.0,,,
12000,50,7.0,,,
12000,50,8.0,,,
12000,50,9.0,,,
12000,50,10.0,,,
12000,50,11.0,,,
12000,50,12.0,,,
12000,50,13.0,,,
12000,50,14.0,,,
12000,50,15.0,,,
12000,100,-7.0,,,
12000,100,-6.0,,,
12000,100,-5.0,,,
12000,100,-4.0,,,
12000,100,-3.0,,,
12000,100,-2.0,,,
12000,100,-1.0,,,
12000,100,0.0,,,
12000,100,1.0,,,
12000,100,2.0,,,
12000,100,3.0,,,
12000,100,4.0,,,
12000,100,5.0,,,
12000,100,6.0,,,
12000,100,7.0,,,
12000,100,8.0,,,
12000,100,9.0,,,
12000,100,10.0,,,
12000,100,11.0,,,
12000,100,12.0,,,
12000,100,13.0,,,
12000,100,14.0,,,
12000,100,15.0,,,
12000,250,-7.0,,,
12000,250,-6.0,,,
12000,250,-5.0,,,
12000,250,-4.0,,,
12000,250,-3.0,,,
12000,250,-2.0,,,
12000,250,-1.0,,,
12000,250,0.0,,,
12000,250,1.0,,,
12000,250,2.0,,,
12000,250,3.0,,,
12000,250,4.0,,,
12000,250,5.0,,,
12000,250,6.0,,,
12000,250,7.0,,,
12000,250,8.0,,,
12000,250,9.0,,,
12000,250,10.0,,,
12000,250,11.0,,,
12000,250,12.0,,,
12000,250,13.0,,,
12000,250,14.0,,,
12000,250,15.0,,,
12000,500,-7.0,,,
12000,500,-6.0,,,
12000,500,-5.0,,,
12000,500,-4.0,,,
12000,500,-3.0,,,
12000,500,-2.0,,,
12000,500,-1.0,,,
12000,500,0.0,,,
12000,500,1.0,,,
12000,500,2.0,,,
12000,500,3.0,,,
12000,500,4.0,,,
12000,500,5.0,,,
12000,500,6.0,,,
12000,500,7.0,,,
12000,500,8.0,,,
12000,500,9.0,,,
12000,500,10.0,,,
12000,500,11.0,,,
12000,500,12.0,,,
12000,500,13.0,,,
12000,500,14.0,,,
12000,500,15.0,,,
12000,800,-7.0,,,
12000,800,-6.0,,,
12000,800,-5.0,,,
12000,800,-4.0,,,
12000,800,-3.0,,,
12000,800,-2.0,,,
12000,800,-1.0,,,
12000,800,0.0,,,
12000,800,1.0,,,
12000,800,2.0,,,
12000,800,3.0,,,
12000,800,4.0,,,
12000,800,5.0,,,
12000,800,6.0,,,
12000,800,7.0,,,
12000,800,8.0,,,
12000,800,9.0,,,
12000,800,10.0,,,
12000,800,11.0,,,
12000,800,12.0,,,
12000,800,13.0,,,
12000,800,14.0,,,
12000,800,15.0,,,
13000,30,-7.0,,,
13000,30,-6.0,,,
13000,30,-5.0,,,
13000,30,-4.0,,,
13000,30,-3.0,,,
13000,30,-2.0,,,
13000,30,-1.0,,,
13000,30,0.0,,,
13000,30,1.0,,,
13000,30,2.0,,,
13000,30,3.0,,,
13000,30,4.0,,,
13000,30,5.0,,,
13000,30,6.0,,,
13000,30,7.0,,,
13000,30,8.0,,,
13000,30,9.0,,,
13000,30,10.0,,,
13000,30,11.0,,,
13000,30,12.0,,,
13000,30,13.0,,,
13000,30,14.0,,,
13000,30,15.0,,,
13000,50,-7.0,,,
13000,50,-6.0,,,
13000,50,-5.0,,,
13000,50,-4.0,,,
13000,50,-3.0,,,
13000,50,-2.0,,,
13000,50,-1.0,,,
13000,50,0.0,,,
13000,50,1.0,,,
13000,50,2.0,,,
13000,50,3.0,,,
13000,50,4.0,,,
13000,50,5.0,,,
13000,50,6.0,,,
13000,50,7.0,,,
13000,50,8.0,,,
13000,50,9.0,,,
13000,50,10.0,,,
13000,50,11.0,,,
13000,50,12.0,,,
13000,50,13.0,,,
13000,50,14.0,,,
13000,50,15.0,,,
13000,100,-7.0,,,
13000,100,-6.0,,,
13000,100,-5.0,,,
13000,100,-4.0,,,
13000,100,-3.0,,,
13000,100,-2.0,,,
13000,100,-1.0,,,
13000,100,0.0,,,
13000,100,1.0,,,
13000,100,2.0,,,
13000,100,3.0,,,
13000,100,4.0,,,
13000,100,5.0,,,
13000,100,6.0,,,
13000,100,7.0,,,
13000,100,8.0,,,
13000,100,9.0,,,
13000,100,10.0,,,
13000,100,11.0,,,
13000,100,12.0,,,
13000,100,13.0,,,
13000,100,14.0,,,
13000,100,15.0,,,
13000,250,-7.0,,,
13000,250,-6.0,,,
13000,250,-5.0,,,
13000,250,-4.0,,,
13000,250,-3.0,,,
13000,250,-2.0,,,
13000,250,-1.0,,,
13000,250,0.0,,,
13000,250,1.0,,,
13000,250,2.0,,,
13000,250,3.0,,,
13000,250,4.0,,,
13000,250,5.0,,,
13000,250,6.0,,,
13000,250,7.0,,,
13000,250,8.0,,,
13000,250,9.0,,,
13000,250,10.0,,,
13000,250,11.0,,,
13000,250,12.0,,,
13000,250,13.0,,,
13000,250,14.0,,,
13000,250,15.0,,,
13000,500,-7.0,,,
13000,500,-6.0,,,
13000,500,-5.0,,,
13000,500,-4.0,,,
13000,500,-3.0,,,
13000,500,-2.0,,,
13000,500,-1.0,,,
13000,500,0.0,,,
13000,500,1.0,,,
13000,500,2.0,,,
13000,500,3.0,,,
13000,500,4.0,,,
13000,500,5.0,,,
13000,500,6.0,,,
13000,500,7.0,,,
13000,500,8.0,,,
13000,500,9.0,,,
13000,500,10.0,,,
13000,500,11.0,,,
13000,500,12.0,,,
13000,500,13.0,,,
13000,500,14.0,,,
13000,500,15.0,,,
13000,800,-7.0,,,
13000,800,-6.0,,,
13000,800,-5.0,,,
13000,800,-4.0,,,
13000,800,-3.0,,,
13000,800,-2.0,,,
13000,800,-1.0,,,
13000,800,0.0,,,
13000,800,1.0,,,
13000,800,2.0,,,
13000,800,3.0,,,
13000,800,4.0,,,
13000,800,5.0,,,
13000,800,6.0,,,
13000,800,7.0,,,
13000,800,8.0,,,
13000,800,9.0,,,
13000,800,10.0,,,
13000,800,11.0,,,
13000,800,12.0,,,
13000,800,13.0,,,
13000,800,14.0,,,
13000,800,15.0,,,
14000,30,-7.0,,,
14000,30,-6.0,,,
14000,30,-5.0,,,
14000,30,-4.0,,,
14000,30,-3.0,,,
14000,30,-2.0,,,
14000,30,-1.0,,,
14000,30,0.0,,,
14000,30,1.0,,,
14000,30,2.0,,,
14000,30,3.0,,,
14000,30,4.0,,,
14000,30,5.0,,,
14000,30,6.0,,,
14000,30,7.0,,,
14000,30,8.0,,,
14000,30,9.0,,,
14000,30,10.0,,,
14000,30,11.0,,,
14000,30,12.0,,,
14000,30,13.0,,,
14000,30,14.0,,,
14000,30,15.0,,,
14000,50,-7.0,,,
14000,50,-6.0,,,
14000,50,-5.0,,,
14000,50,-4.0,,,
14000,50,-3.0,,,
14000,50,-2.0,,,
14000,50,-1.0,,,
14000,50,0.0,,,
14000,50,1.0,,,
14000,50,2.0,,,
14000,50,3.0,,,
14000,50,4.0,,,
14000,50,5.0,,,
14000,50,6.0,,,
14000,50,7.0,,,
14000,50,8.0,,,
14000,50,9.0,,,
14000,50,10.0,,,
14000,50,11.0,,,
14000,50,12.0,,,
14000,50,13.0,,,
14000,50,14.0,,,
14000,50,15.0,,,
14000,100,-7.0,,,
14000,100,-6.0,,,
14000,100,-5.0,,,
14000,100,-4.0,,,
14000,100,-3.0,,,
14000,100,-2.0,,,
14000,100,-1.0,,,
14000,100,0.0,,,
14000,100,1.0,,,
14000,100,2.0,,,
14000,100,3.0,,,
14000,100,4.0,,,
14000,100,5.0,,,
14000,100,6.0,,,
14000,100,7.0,,,
14000,100,8.0,,,
14000,100,9.0,,,
14000,100,10.0,,,
14000,100,11.0,,,
14000,100,12.0,,,
14000,100,13.0,,,
14000,100,14.0,,,
14000,100,15.0,,,
14000,250,-7.0,,,
14000,250,-6.0,,,
14000,250,-5.0,,,
14000,250,-4.0,,,
14000,250,-3.0,,,
14000,250,-2.0,,,
14000,250,-1.0,,,
14000,250,0.0,,,
14000,250,1.0,,,
14000,250,2.0,,,
14000,250,3.0,,,
14000,250,4.0,,,
14000,250,5.0,,,
14000,250,6.0,,,
14000,250,7.0,,,
14000,250,8.0,,,
14000,250,9.0,,,
14000,250,10.0,,,
14000,250,11.0,,,
14000,250,12.0,,,
14000,250,13.0,,,
14000,250,14.0,,,
14000,250,15.0,,,
14000,500,-7.0,,,
14000,500,-6.0,,,
14000,500,-5.0,,,
14000,500,-4.0,,,
14000,500,-3.0,,,
14000,500,-2.0,,,
14000,500,-1.0,,,
14000,500,0.0,,,
14000,500,1.0,,,
14000,500,2.0,,,
14000,500,3.0,,,
14000,500,4.0,,,
14000,500,5.0,,,
14000,500,6.0,,,
14000,500,7.0,,,
14000,500,8.0,,,
14000,500,9.0,,,
14000,500,10.0,,,
14000,500,11.0,,,
14000,500,12.0,,,
14000,500,13.0,,,
14000,500,14.0,,,
14000,500,15.0,,,
14000,800,-7.0,,,
14000,800,-6.0,,,
14000,800,-5.0,,,
14000,800,-4.0,,,
14000,800,-3.0,,,
14000,800,-2.0,,,
14000,800,-1.0,,,
14000,800,0.0,,,
14000,800,1.0,,,
14000,800,2.0,,,
14000,800,3.0,,,
14000,800,4.0,,,
14000,800,5.0,,,
14000,800,6.0,,,
14000,800,7.0,,,
14000,800,8.0,,,
14000,800,9.0,,,
14000,800,10.0,,,
14000,800,11.0,,,
14000,800,12.0,,,
14000,800,13.0,,,
14000,800,14.0,,,
14000,800,15.0,,,
15000,30,-7.0,,,
15000,30,-6.0,,,
15000,30,-5.0,,,
15000,30,-4.0,,,
15000,30,-3.0,,,
15000,30,-2.0,,,
15000,30,-1.0,,,
15000,30,0.0,,,
15000,30,1.0,,,
15000,30,2.0,,,
15000,30,3.0,,,
15000,30,4.0,,,
15000,30,5.0,,,
15000,30,6.0,,,
15000,30,7.0,,,
15000,30,8.0,,,
15000,30,9.0,,,
15000,30,10.0,,,
15000,30,11.0,,,
15000,30,12.0,,,
15000,30,13.0,,,
15000,30,14.0,,,
15000,30,15.0,,,
15000,50,-7.0,,,
15000,50,-6.0,,,
15000,50,-5.0,,,
15000,50,-4.0,,,
15000,50,-3.0,,,
15000,50,-2.0,,,
15000,50,-1.0,,,
15000,50,0.0,,,
15000,50,1.0,,,
15000,50,2.0,,,
15000,50,3.0,,,
15000,50,4.0,,,
15000,50,5.0,,,
15000,50,6.0,,,
15000,50,7.0,,,
15000,50,8.0,,,
15000,50,9.0,,,
15000,50,10.0,,,
15000,50,11.0,,,
15000,50,12.0,,,
15000,50,13.0,,,
15000,50,14.0,,,
15000,50,15.0,,,
15000,100,-7.0,,,
15000,100,-6.0,,,
15000,100,-5.0,,,
15000,100,-4.0,,,
15000,100,-3.0,,,
15000,100,-2.0,,,
15000,100,-1.0,,,
15000,100,0.0,,,
15000,100,1.0,,,
15000,100,2.0,,,
15000,100,3.0,,,
15000,100,4.0,,,
15000,100,5.0,,,
15000,100,6.0,,,
15000,100,7.0,,,
15000,100,8.0,,,
15000,100,9.0,,,
15000,100,10.0,,,
15000,100,11.0,,,
15000,100,12.0,,,
15000,100,13.0,,,
15000,100,14.0,,,
15000,100,15.0,,,
15000,250,-7.0,,,
15000,250,-6.0,,,
15000,250,-5.0,,,
15000,250,-4.0,,,
15000,250,-3.0,,,
15000,250,-2.0,,,
15000,250,-1.0,,,
15000,250,0.0,,,
15000,250,1.0,,,
15000,250,2.0,,,
15000,250,3.0,,,
15000,250,4.0,,,
15000,250,5.0,,,
15000,250,6.0,,,
15000,250,7.0,,,
15000,250,8.0,,,
15000,250,9.0,,,
15000,250,10.0,,,
15000,250,11.0,,,
15000,250,12.0,,,
15000,250,13.0,,,
15000,250,14.0,,,
15000,250,15.0,,,
15000,500,-7.0,,,
15000,500,-6.0,,,
15000,500,-5.0,,,
15000,500,-4.0,,,
15000,500,-3.0,,,
15000,500,-2.0,,,
15000,500,-1.0,,,
15000,500,0.0,,,
15000,500,1.0,,,
15000,500,2.0,,,
15000,500,3.0,,,
15000,500,4.0,,,
15000,500,5.0,,,
15000,500,6.0,,,
15000,500,7.0,,,
15000,500,8.0,,,
15000,500,9.0,,,
15000,500,10.0,,,
15000,500,11.0,,,
15000,500,12.0,,,
15000,500,13.0,,,
15000,500,14.0,,,
15000,500,15.0,,,
15000,800,-7.0,,,
15000,800,-6.0,,,
15000,800,-5.0,,,
15000,800,-4.0,,,
15000,800,-3.0,,,
15000,800,-2.0,,,
15000,800,-1.0,,,
15000,800,0.0,,,
15000,800,1.0,,,
15000,800,2.0,,,
15000,800,3.0,,,
15000,800,4.0,,,
15000,800,5.0,,,
15000,800,6.0,,,
15000,800,7.0,,,
15000,800,8.0,,,
15000,800,9.0,,,
15000,800,10.0,,,
15000,800,11.0,,,
15000,800,12.0,,,
15000,800,13.0,,,
15000,800,14.0,,,
15000,800,15.0,,,
16000,30,-7.0,,,
16000,30,-6.0,,,
16000,30,-5.0,,,
16000,30,-4.0,,,
16000,30,-3.0,,,
16000,30,-2.0,,,
16000,30,-1.0,,,
16000,30,0.0,,,
16000,30,1.0,,,
16000,30,2.0,,,
16000,30,3.0,,,
16000,30,4.0,,,
16000,30,5.0,,,
16000,30,6.0,,,
16000,30,7.0,,,
16000,30,8.0,,,
16000,30,9.0,,,
16000,30,10.0,,,
16000,30,11.0,,,
16000,30,12.0,,,
16000,30,13.0,,,
16000,30,14.0,,,
16000,30,15.0,,,
16000,50,-7.0,,,
16000,50,-6.0,,,
16000,50,-5.0,,,
16000,50,-4.0,,,
16000,50,-3.0,,,
16000,50,-2.0,,,
16000,50,-1.0,,,
16000,50,0.0,,,
16000,50,1.0,,,
16000,50,2.0,,,
16000,50,3.0,,,
16000,50,4.0,,,
16000,50,5.0,,,
16000,50,6.0,,,
16000,50,7.0,,,
16000,50,8.0,,,
16000,50,9.0,,,
16000,50,10.0,,,
16000,50,11.0,,,
16000,50,12.0,,,
16000,50,13.0,,,
16000,50,14.0,,,
16000,50,15.0,,,
16000,100,-7.0,,,
16000,100,-6.0,,,
16000,100,-5.0,,,
16000,100,-4.0,,,
16000,100,-3.0,,,
16000,100,-2.0,,,
16000,100,-1.0,,,
16000,100,0.0,,,
16000,100,1.0,,,
16000,100,2.0,,,
16000,100,3.0,,,
16000,100,4.0,,,
16000,100,5.0,,,
16000,100,6.0,,,
16000,100,7.0,,,
16000,100,8.0,,,
16000,100,9.0,,,
16000,100,10.0,,,
16000,100,11.0,,,
16000,100,12.0,,,
16000,100,13.0,,,
16000,100,14.0,,,
16000,100,15.0,,,
16000,250,-7.0,,,
16000,250,-6.0,,,
16000,250,-5.0,,,
16000,250,-4.0,,,
16000,250,-3.0,,,
16000,250,-2.0,,,
16000,250,-1.0,,,
16000,250,0.0,,,
16000,250,1.0,,,
16000,250,2.0,,,
16000,250,3.0,,,
16000,250,4.0,,,
16000,250,5.0,,,
16000,250,6.0,,,
16000,250,7.0,,,
16000,250,8.0,,,
16000,250,9.0,,,
16000,250,10.0,,,
16000,250,11.0,,,
16000,250,12.0,,,
16000,250,13.0,,,
16000,250,14.0,,,
16000,250,15.0,,,
16000,500,-7.0,,,
16000,500,-6.0,,,
16000,500,-5.0,,,
16000,500,-4.0,,,
16000,500,-3.0,,,
16000,500,-2.0,,,
16000,500,-1.0,,,
16000,500,0.0,,,
16000,500,1.0,,,
16000,500,2.0,,,
16000,500,3.0,,,
16000,500,4.0,,,
16000,500,5.0,,,
16000,500,6.0,,,
16000,500,7.0,,,
16000,500,8.0,,,
16000,500,9.0,,,
16000,500,10.0,,,
16000,500,11.0,,,
16000,500,12.0,,,
16000,500,13.0,,,
16000,500,14.0,,,
16000,500,15.0,,,
16000,800,-7.0,,,
16000,800,-6.0,,,
16000,800,-5.0,,,
16000,800,-4.0,,,
16000,800,-3.0,,,
16000,800,-2.0,,,
16000,800,-1.0,,,
16000,800,0.0,,,
16000,800,1.0,,,
16000,800,2.0,,,
16000,800,3.0,,,
16000,800,4.0,,,
16000,800,5.0,,,
16000,800,6.0,,,
16000,800,7.0,,,
16000,800,8.0,,,
16000,800,9.0,,,
16000,800,10.0,,,
16000,800,11.0,,,
16000,800,12.0,,,
16000,800,13.0,,,
16000,800,14.0,,,
16000,800,15.0,,,
17000,30,-7.0,,,
17000,30,-6.0,,,
17000,30,-5.0,,,
17000,30,-4.0,,,
17000,30,-3.0,,,
17000,30,-2.0,,,
17000,30,-1.0,,,
17000,30,0.0,,,
17000,30,1.0,,,
17000,30,2.0,,,
17000,30,3.0,,,
17000,30,4.0,,,
17000,30,5.0,,,
17000,30,6.0,,,
17000,30,7.0,,,
17000,30,8.0,,,
17000,30,9.0,,,
17000,30,10.0,,,
17000,30,11.0,,,
17000,30,12.0,,,
17000,30,13.0,,,
17000,30,14.0,,,
17000,30,15.0,,,
17000,50,-7.0,,,
17000,50,-6.0,,,
17000,50,-5.0,,,
17000,50,-4.0,,,
17000,50,-3.0,,,
17000,50,-2.0,,,
17000,50,-1.0,,,
17000,50,0.0,,,
17000,50,1.0,,,
17000,50,2.0,,,
17000,50,3.0,,,
17000,50,4.0,,,
17000,50,5.0,,,
17000,50,6.0,,,
17000,50,7.0,,,
17000,50,8.0,,,
17000,50,9.0,,,
17000,50,10.0,,,
17000,50,11.0,,,
17000,50,12.0,,,
17000,50,13.0,,,
17000,50,14.0,,,
17000,50,15.0,,,
17000,100,-7.0,,,
17000,100,-6.0,,,
17000,100,-5.0,,,
17000,100,-4.0,,,
17000,100,-3.0,,,
17000,100,-2.0,,,
17000,100,-1.0,,,
17000,100,0.0,,,
17000,100,1.0,,,
17000,100,2.0,,,
17000,100,3.0,,,
17000,100,4.0,,,
17000,100,5.0,,,
17000,100,6.0,,,
17000,100,7.0,,,
17000,100,8.0,,,
17000,100,9.0,,,
17000,100,10.0,,,
17000,100,11.0,,,
17000,100,12.0,,,
17000,100,13.0,,,
17000,100,14.0,,,
17000,100,15.0,,,
17000,250,-7.0,,,
17000,250,-6.0,,,
17000,250,-5.0,,,
17000,250,-4.0,,,
17000,250,-3.0,,,
17000,250,-2.0,,,
17000,250,-1.0,,,
17000,250,0.0,,,
17000,250,1.0,,,
17000,250,2.0,,,
17000,250,3.0,,,
17000,250,4.0,,,
17000,250,5.0,,,
17000,250,6.0,,,
17000,250,7.0,,,
17000,250,8.0,,,
17000,250,9.0,,,
17000,250,10.0,,,
17000,250,11.0,,,
17000,250,12.0,,,
17000,250,13.0,,,
17000,250,14.0,,,
17000,250,15.0,,,
17000,500,-7.0,,,
17000,500,-6.0,,,
17000,500,-5.0,,,
17000,500,-4.0,,,
17000,500,-3.0,,,
17000,500,-2.0,,,
17000,500,-1.0,,,
17000,500,0.0,,,
17000,500,1.0,,,
17000,500,2.0,,,
17000,500,3.0,,,
17000,500,4.0,,,
17000,500,5.0,,,
17000,500,6.0,,,
17000,500,7.0,,,
17000,500,8.0,,,
17000,500,9.0,,,
17000,500,10.0,,,
17000,500,11.0,,,
17000,500,12.0,,,
17000,500,13.0,,,
17000,500,14.0,,,
17000,500,15.0,,,
17000,800,-7.0,,,
17000,800,-6.0,,,
17000,800,-5.0,,,
17000,800,-4.0,,,
17000,800,-3.0,,,
17000,800,-2.0,,,
17000,800,-1.0,,,
17000,800,0.0,,,
17000,800,1.0,,,
17000,800,2.0,,,
17000,800,3.0,,,
17000,800,4.0,,,
17000,800,5.0,,,
17000,800,6.0,,,
17000,800,7.0,,,
17000,800,8.0,,,
17000,800,9.0,,,
17000,800,10.0,,,
17000,800,11.0,,,
17000,800,12.0,,,
17000,800,13.0,,,
17000,800,14.0,,,
17000,800,15.0,,,
18000,30,-7.0,,,
18000,30,-6.0,,,
18000,30,-5.0,,,
18000,30,-4.0,,,
18000,30,-3.0,,,
18000,30,-2.0,,,
18000,30,-1.0,,,
18000,30,0.0,,,
18000,30,1.0,,,
18000,30,2.0,,,
18000,30,3.0,,,
18000,30,4.0,,,
18000,30,5.0,,,
18000,30,6.0,,,
18000,30,7.0,,,
18000,30,8.0,,,
18000,30,9.0,,,
18000,30,10.0,,,
18000,30,11.0,,,
18000,30,12.0,,,
18000,30,13.0,,,
18000,30,14.0,,,
18000,30,15.0,,,
18000,50,-7.0,,,
18000,50,-6.0,,,
18000,50,-5.0,,,
18000,50,-4.0,,,
18000,50,-3.0,,,
18000,50,-2.0,,,
18000,50,-1.0,,,
18000,50,0.0,,,
18000,50,1.0,,,
18000,50,2.0,,,
18000,50,3.0,,,
18000,50,4.0,,,
18000,50,5.0,,,
18000,50,6.0,,,
18000,50,7.0,,,
18000,50,8.0,,,
18000,50,9.0,,,
18000,50,10.0,,,
18000,50,11.0,,,
18000,50,12.0,,,
18000,50,13.0,,,
18000,50,14.0,,,
18000,50,15.0,,,
18000,100,-7.0,,,
18000,100,-6.0,,,
18000,100,-5.0,,,
18000,100,-4.0,,,
18000,100,-3.0,,,
18000,100,-2.0,,,
18000,100,-1.0,,,
18000,100,0.0,,,
18000,100,1.0,,,
18000,100,2.0,,,
18000,100,3.0,,,
18000,100,4.0,,,
18000,100,5.0,,,
18000,100,6.0,,,
18000,100,7.0,,,
18000,100,8.0,,,
18000,100,9.0,,,
18000,100,10.0,,,
18000,100,11.0,,,
18000,100,12.0,,,
18000,100,13.0,,,
18000,100,14.0,,,
18000,100,15.0,,,
18000,250,-7.0,,,
18000,250,-6.0,,,
18000,250,-5.0,,,
18000,250,-4.0,,,
18000,250,-3.0,,,
18000,250,-2.0,,,
18000,250,-1.0,,,
18000,250,0.0,,,
18000,250,1.0,,,
18000,250,2.0,,,
18000,250,3.0,,,
18000,250,4.0,,,
18000,250,5.0,,,
18000,250,6.0,,,
18000,250,7.0,,,
18000,250,8.0,,,
18000,250,9.0,,,
18000,250,10.0,,,
18000,250,11.0,,,
18000,250,12.0,,,
18000,250,13.0,,,
18000,250,14.0,,,
18000,250,15.0,,,
18000,500,-7.0,,,
18000,500,-6.0,,,
18000,500,-5.0,,,
18000,500,-4.0,,,
18000,500,-3.0,,,
18000,500,-2.0,,,
18000,500,-1.0,,,
18000,500,0.0,,,
18000,500,1.0,,,
18000,500,2.0,,,
18000,500,3.0,,,
18000,500,4.0,,,
18000,500,5.0,,,
18000,500,6.0,,,
18000,500,7.0,,,
18000,500,8.0,,,
18000,500,9.0,,,
18000,500,10.0,,,
18000,500,11.0,,,
18000,500,12.0,,,
18000,500,13.0,,,
18000,500,14.0,,,
18000,500,15.0,,,
18000,800,-7.0,,,
18000,800,-6.0,,,
18000,800,-5.0,,,
18000,800,-4.0,,,
18000,800,-3.0,,,
18000,800,-2.0,,,
18000,800,-1.0,,,
18000,800,0.0,,,
18000,800,1.0,,,
18000,800,2.0,,,
18000,800,3.0,,,
18000,800,4.0,,,
18000,800,5.0,,,
18000,800,6.0,,,
18000,800,7.0,,,
18000,800,8.0,,,
18000,800,9.0,,,
18000,800,10.0,,,
18000,800,11.0,,,
18000,800,12.0,,,
18000,800,13.0,,,
18000,800,14.0,,,
18000,800,15.0,,,
19000,30,-7.0,,,
19000,30,-6.0,,,
19000,30,-5.0,,,
19000,30,-4.0,,,
19000,30,-3.0,,,
19000,30,-2.0,,,
19000,30,-1.0,,,
19000,30,0.0,,,
19000,30,1.0,,,
19000,30,2.0,,,
19000,30,3.0,,,
19000,30,4.0,,,
19000,30,5.0,,,
19000,30,6.0,,,
19000,30,7.0,,,
19000,30,8.0,,,
19000,30,9.0,,,
19000,30,10.0,,,
19000,30,11.0,,,
19000,30,12.0,,,
19000,30,13.0,,,
19000,30,14.0,,,
19000,30,15.0,,,
19000,50,-7.0,,,
19000,50,-6.0,,,
19000,50,-5.0,,,
19000,50,-4.0,,,
19000,50,-3.0,,,
19000,50,-2.0,,,
19000,50,-1.0,,,
19000,50,0.0,,,
19000,50,1.0,,,
19000,50,2.0,,,
19000,50,3.0,,,
19000,50,4.0,,,
19000,50,5.0,,,
19000,50,6.0,,,
19000,50,7.0,,,
19000,50,8.0,,,
19000,50,9.0,,,
19000,50,10.0,,,
19000,50,11.0,,,
19000,50,12.0,,,
19000,50,13.0,,,
19000,50,14.0,,,
19000,50,15.0,,,
19000,100,-7.0,,,
19000,100,-6.0,,,
19000,100,-5.0,,,
19000,100,-4.0,,,
19000,100,-3.0,,,
19000,100,-2.0,,,
19000,100,-1.0,,,
19000,100,0.0,,,
19000,100,1.0,,,
19000,100,2.0,,,
19000,100,3.0,,,
19000,100,4.0,,,
19000,100,5.0,,,
19000,100,6.0,,,
19000,100,7.0,,,
19000,100,8.0,,,
19000,100,9.0,,,
19000,100,10.0,,,
19000,100,11.0,,,
19000,100,12.0,,,
19000,100,13.0,,,
19000,100,14.0,,,
19000,100,15.0,,,
19000,250,-7.0,,,
19000,250,-6.0,,,
19000,250,-5.0,,,
19000,250,-4.0,,,
19000,250,-3.0,,,
19000,250,-2.0,,,
19000,250,-1.0,,,
19000,250,0.0,,,
19000,250,1.0,,,
19000,250,2.0,,,
19000,250,3.0,,,
19000,250,4.0,,,
19000,250,5.0,,,
19000,250,6.0,,,
19000,250,7.0,,,
19000,250,8.0,,,
19000,250,9.0,,,
19000,250,10.0,,,
19000,250,11.0,,,
19000,250,12.0,,,
19000,250,13.0,,,
19000,250,14.0,,,
19000,250,15.0,,,
19000,500,-7.0,,,
19000,500,-6.0,,,
19000,500,-5.0,,,
19000,500,-4.0,,,
19000,500,-3.0,,,
19000,500,-2.0,,,
19000,500,-1.0,,,
19000,500,0.0,,,
19000,500,1.0,,,
19000,500,2.0,,,
19000,500,3.0,,,
19000,500,4.0,,,
19000,500,5.0,,,
19000,500,6.0,,,
19000,500,7.0,,,
19000,500,8.0,,,
19000,500,9.0,,,
19000,500,10.0,,,
19000,500,11.0,,,
19000,500,12.0,,,
19000,500,13.0,,,
19000,500,14.0,,,
19000,500,15.0,,,
19000,800,-7.0,,,
19000,800,-6.0,,,
19000,800,-5.0,,,
19000,800,-4.0,,,
19000,800,-3.0,,,
19000,800,-2.0,,,
19000,800,-1.0,,,
19000,800,0.0,,,
19000,800,1.0,,,
19000,800,2.0,,,
19000,800,3.0,,,
19000,800,4.0,,,
19000,800,5.0,,,
19000,800,6.0,,,
19000,800,7.0,,,
19000,800,8.0,,,
19000,800,9.0,,,
19000,800,10.0,,,
19000,800,11.0,,,
19000,800,12.0,,,
19000,800,13.0,,,
19000,800,14.0,,,
19000,800,15.0,,,
20000,30,-7.0,,,
20000,30,-6.0,,,
20000,30,-5.0,,,
20000,30,-4.0,,,
20000,30,-3.0,,,
20000,30,-2.0,,,
20000,30,-1.0,,,
20000,30,0.0,,,
20000,30,1.0,,,
20000,30,2.0,,,
20000,30,3.0,,,
20000,30,4.0,,,
20000,30,5.0,,,
20000,30,6.0,,,
20000,30,7.0,,,
20000,30,8.0,,,
20000,30,9.0,,,
20000,30,10.0,,,
20000,30,11.0,,,
20000,30,12.0,,,
20000,30,13.0,,,
20000,30,14.0,,,
20000,30,15.0,,,
20000,50,-7.0,,,
20000,50,-6.0,,,
20000,50,-5.0,,,
20000,50,-4.0,,,
20000,50,-3.0,,,
20000,50,-2.0,,,
20000,50,-1.0,,,
20000,50,0.0,,,
20000,50,1.0,,,
20000,50,2.0,,,
20000,50,3.0,,,
20000,50,4.0,,,
20000,50,5.0,,,
20000,50,6.0,,,
20000,50,7.0,,,
20000,50,8.0,,,
20000,50,9.0,,,
20000,50,10.0,,,
20000,50,11.0,,,
20000,50,12.0,,,
20000,50,13.0,,,
20000,50,14.0,,,
20000,50,15.0,,,
20000,100,-7.0,,,
20000,100,-6.0,,,
20000,100,-5.0,,,
20000,100,-4.0,,,
20000,100,-3.0,,,
20000,100,-2.0,,,
20000,100,-1.0,,,
20000,100,0.0,,,
20000,100,1.0,,,
20000,100,2.0,,,
20000,100,3.0,,,
20000,100,4.0,,,
20000,100,5.0,,,
20000,100,6.0,,,
20000,100,7.0,,,
20000,100,8.0,,,
20000,100,9.0,,,
20000,100,10.0,,,
20000,100,11.0,,,
20000,100,12.0,,,
20000,100,13.0,,,
20000,100,14.0,,,
20000,100,15.0,,,
20000,250,-7.0,,,
20000,250,-6.0,,,
20000,250,-5.0,,,
20000,250,-4.0,,,
20000,250,-3.0,,,
20000,250,-2.0,,,
20000,250,-1.0,,,
20000,250,0.0,,,
20000,250,1.0,,,
20000,250,2.0,,,
20000,250,3.0,,,
20000,250,4.0,,,
20000,250,5.0,,,
20000,250,6.0,,,
20000,250,7.0,,,
20000,250,8.0,,,
20000,250,9.0,,,
20000,250,10.0,,,
20000,250,11.0,,,
20000,250,12.0,,,
20000,250,13.0,,,
20000,250,14.0,,,
20000,250,15.0,,,
20000,500,-7.0,,,
20000,500,-6.0,,,
20000,500,-5.0,,,
20000,500,-4.0,,,
20000,500,-3.0,,,
20000,500,-2.0,,,
20000,500,-1.0,,,
20000,500,0.0,,,
20000,500,1.0,,,
20000,500,2.0,,,
20000,500,3.0,,,
20000,500,4.0,,,
20000,500,5.0,,,
20000,500,6.0,,,
20000,500,7.0,,,
20000,500,8.0,,,
20000,500,9.0,,,
20000,500,10.0,,,
20000,500,11.0,,,
20000,500,12.0,,,
20000,500,13.0,,,
20000,500,14.0,,,
20000,500,15.0,,,
20000,800,-7.0,,,
20000,800,-6.0,,,
20000,800,-5.0,,,
20000,800,-4.0,,,
20000,800,-3.0,,,
20000,800,-2.0,,,
20000,800,-1.0,,,
20000,800,0.0,,,
20000,800,1.0,,,
20000,800,2.0,,,
20000,800,3.0,,,
20000,800,4.0,,,
20000,800,5.0,,,
20000,800,6.0,,,
20000,800,7.0,,,
20000,800,8.0,,,
20000,800,9.0,,,
20000,800,10.0,,,
20000,800,11.0,,,
20000,800,12.0,,,
20000,800,13.0,,,
20000,800,14.0,,,
20000,800,15.0,,,
21000,30,-7.0,,,
21000,30,-6.0,,,
21000,30,-5.0,,,
21000,30,-4.0,,,
21000,30,-3.0,,,
21000,30,-2.0,,,
21000,30,-1.0,,,
21000,30,0.0,,,
21000,30,1.0,,,
21000,30,2.0,,,
21000,30,3.0,,,
21000,30,4.0,,,
21000,30,5.0,,,
21000,30,6.0,,,
21000,30,7.0,,,
21000,30,8.0,,,
21000,30,9.0,,,
21000,30,10.0,,,
21000,30,11.0,,,
21000,30,12.0,,,
21000,30,13.0,,,
21000,30,14.0,,,
21000,30,15.0,,,
21000,50,-7.0,,,
21000,50,-6.0,,,
21000,50,-5.0,,,
21000,50,-4.0,,,
21000,50,-3.0,,,
21000,50,-2.0,,,
21000,50,-1.0,,,
21000,50,0.0,,,
21000,50,1.0,,,
21000,50,2.0,,,
21000,50,3.0,,,
21000,50,4.0,,,
21000,50,5.0,,,
21000,50,6.0,,,
21000,50,7.0,,,
21000,50,8.0,,,
21000,50,9.0,,,
21000,50,10.0,,,
21000,50,11.0,,,
21000,50,12.0,,,
21000,50,13.0,,,
21000,50,14.0,,,
21000,50,15.0,,,
21000,100,-7.0,,,
21000,100,-6.0,,,
21000,100,-5.0,,,
21000,100,-4.0,,,
21000,100,-3.0,,,
21000,100,-2.0,,,
21000,100,-1.0,,,
21000,100,0.0,,,
21000,100,1.0,,,
21000,100,2.0,,,
21000,100,3.0,,,
21000,100,4.0,,,
21000,100,5.0,,,
21000,100,6.0,,,
21000,100,7.0,,,
21000,100,8.0,,,
21000,100,9.0,,,
21000,100,10.0,,,
21000,100,11.0,,,
21000,100,12.0,,,
21000,100,13.0,,,
21000,100,14.0,,,
21000,100,15.0,,,
21000,250,-7.0,,,
21000,250,-6.0,,,
21000,250,-5.0,,,
21000,250,-4.0,,,
21000,250,-3.0,,,
21000,250,-2.0,,,
21000,250,-1.0,,,
21000,250,0.0,,,
21000,250,1.0,,,
21000,250,2.0,,,
21000,250,3.0,,,
21000,250,4.0,,,
21000,250,5.0,,,
21000,250,6.0,,,
21000,250,7.0,,,
21000,250,8.0,,,
21000,250,9.0,,,
21000,250,10.0,,,
21000,250,11.0,,,
21000,250,12.0,,,
21000,250,13.0,,,
21000,250,14.0,,,
21000,250,15.0,,,
21000,500,-7.0,,,
21000,500,-6.0,,,
21000,500,-5.0,,,
21000,500,-4.0,,,
21000,500,-3.0,,,
21000,500,-2.0,,,
21000,500,-1.0,,,
21000,500,0.0,,,
21000,500,1.0,,,
21000,500,2.0,,,
21000,500,3.0,,,
21000,500,4.0,,,
21000,500,5.0,,,
21000,500,6.0,,,
21000,500,7.0,,,
21000,500,8.0,,,
21000,500,9.0,,,
21000,500,10.0,,,
21000,500,11.0,,,
21000,500,12.0,,,
21000,500,13.0,,,
21000,500,14.0,,,
21000,500,15.0,,,
21000,800,-7.0,,,
21000,800,-6.0,,,
21000,800,-5.0,,,
21000,800,-4.0,,,
21000,800,-3.0,,,
21000,800,-2.0,,,
21000,800,-1.0,,,
21000,800,0.0,,,
21000,800,1.0,,,
21000,800,2.0,,,
21000,800,3.0,,,
21000,800,4.0,,,
21000,800,5.0,,,
21000,800,6.0,,,
21000,800,7.0,,,
21000,800,8.0,,,
21000,800,9.0,,,
21000,800,10.0,,,
21000,800,11.0,,,
21000,800,12.0,,,
21000,800,13.0,,,
21000,800,14.0,,,
21000,800,15.0,,,
22000,30,-7.0,,,
22000,30,-6.0,,,
22000,30,-5.0,,,
22000,30,-4.0,,,
22000,30,-3.0,,,
22000,30,-2.0,,,
22000,30,-1.0,,,
22000,30,0.0,,,
22000,30,1.0,,,
22000,30,2.0,,,
22000,30,3.0,,,
22000,30,4.0,,,
22000,30,5.0,,,
22000,30,6.0,,,
22000,30,7.0,,,
22000,30,8.0,,,
22000,30,9.0,,,
22000,30,10.0,,,
22000,30,11.0,,,
22000,30,12.0,,,
22000,30,13.0,,,
22000,30,14.0,,,
22000,30,15.0,,,
22000,50,-7.0,,,
22000,50,-6.0,,,
22000,50,-5.0,,,
22000,50,-4.0,,,
22000,50,-3.0,,,
22000,50,-2.0,,,
22000,50,-1.0,,,
22000,50,0.0,,,
22000,50,1.0,,,
22000,50,2.0,,,
22000,50,3.0,,,
22000,50,4.0,,,
22000,50,5.0,,,
22000,50,6.0,,,
22000,50,7.0,,,
22000,50,8.0,,,
22000,50,9.0,,,
22000,50,10.0,,,
22000,50,11.0,,,
22000,50,12.0,,,
22000,50,13.0,,,
22000,50,14.0,,,
22000,50,15.0,,,
22000,100,-7.0,,,
22000,100,-6.0,,,
22000,100,-5.0,,,
22000,100,-4.0,,,
22000,100,-3.0,,,
22000,100,-2.0,,,
22000,100,-1.0,,,
22000,100,0.0,,,
22000,100,1.0,,,
22000,100,2.0,,,
22000,100,3.0,,,
22000,100,4.0,,,
22000,100,5.0,,,
22000,100,6.0,,,
22000,100,7.0,,,
22000,100,8.0,,,
22000,100,9.0,,,
22000,100,10.0,,,
22000,100,11.0,,,
22000,100,12.0,,,
22000,100,13.0,,,
22000,100,14.0,,,
22000,100,15.0,,,
22000,250,-7.0,,,
22000,250,-6.0,,,
22000,250,-5.0,,,
22000,250,-4.0,,,
22000,250,-3.0,,,
22000,250,-2.0,,,
22000,250,-1.0,,,
22000,250,0.0,,,
22000,250,1.0,,,
22000,250,2.0,,,
22000,250,3.0,,,
22000,250,4.0,,,
22000,250,5.0,,,
22000,250,6.0,,,
22000,250,7.0,,,
22000,250,8.0,,,
22000,250,9.0,,,
22000,250,10.0,,,
22000,250,11.0,,,
22000,250,12.0,,,
22000,250,13.0,,,
22000,250,14.0,,,
22000,250,15.0,,,
22000,500,-7.0,,,
22000,500,-6.0,,,
22000,500,-5.0,,,
22000,500,-4.0,,,
22000,500,-3.0,,,
22000,500,-2.0,,,
22000,500,-1.0,,,
22000,500,0.0,,,
22000,500,1.0,,,
22000,500,2.0,,,
22000,500,3.0,,,
22000,500,4.0,,,
22000,500,5.0,,,
22000,500,6.0,,,
22000,500,7.0,,,
22000,500,8.0,,,
22000,500,9.0,,,
22000,500,10.0,,,
22000,500,11.0,,,
22000,500,12.0,,,
22000,500,13.0,,,
22000,500,14.0,,,
22000,500,15.0,,,
22000,800,-7.0,,,
22000,800,-6.0,,,
22000,800,-5.0,,,
22000,800,-4.0,,,
22000,800,-3.0,,,
22000,800,-2.0,,,
22000,800,-1.0,,,
22000,800,0.0,,,
22000,800,1.0,,,
22000,800,2.0,,,
22000,800,3.0,,,
22000,800,4.0,,,
22000,800,5.0,,,
22000,800,6.0,,,
22000,800,7.0,,,
22000,800,8.0,,,
22000,800,9.0,,,
22000,800,10.0,,,
22000,800,11.0,,,
22000,800,12.0,,,
22000,800,13.0,,,
22000,800,14.0,,,
22000,800,15.0,,,
23000,30,-7.0,,,
23000,30,-6.0,,,
23000,30,-5.0,,,
23000,30,-4.0,,,
23000,30,-3.0,,,
23000,30,-2.0,,,
23000,30,-1.0,,,
23000,30,0.0,,,
23000,30,1.0,,,
23000,30,2.0,,,
23000,30,3.0,,,
23000,30,4.0,,,
23000,30,5.0,,,
23000,30,6.0,,,
23000,30,7.0,,,
23000,30,8.0,,,
23000,30,9.0,,,
23000,30,10.0,,,
23000,30,11.0,,,
23000,30,12.0,,,
23000,30,13.0,,,
23000,30,14.0,,,
23000,30,15.0,,,
23000,50,-7.0,,,
23000,50,-6.0,,,
23000,50,-5.0,,,
23000,50,-4.0,,,
23000,50,-3.0,,,
23000,50,-2.0,,,
23000,50,-1.0,,,
23000,50,0.0,,,
23000,50,1.0,,,
23000,50,2.0,,,
23000,50,3.0,,,
23000,50,4.0,,,
23000,50,5.0,,,
23000,50,6.0,,,
23000,50,7.0,,,
23000,50,8.0,,,
23000,50,9.0,,,
23000,50,10.0,,,
23000,50,11.0,,,
23000,50,12.0,,,
23000,50,13.0,,,
23000,50,14.0,,,
23000,50,15.0,,,
23000,100,-7.0,,,
23000,100,-6.0,,,
23000,100,-5.0,,,
23000,100,-4.0,,,
23000,100,-3.0,,,
23000,100,-2.0,,,
23000,100,-1.0,,,
23000,100,0.0,,,
23000,100,1.0,,,
23000,100,2.0,,,
23000,100,3.0,,,
23000,100,4.0,,,
23000,100,5.0,,,
23000,100,6.0,,,
23000,100,7.0,,,
23000,100,8.0,,,
23000,100,9.0,,,
23000,100,10.0,,,
23000,100,11.0,,,
23000,100,12.0,,,
23000,100,13.0,,,
23000,100,14.0,,,
23000,100,15.0,,,
23000,250,-7.0,,,
23000,250,-6.0,,,
23000,250,-5.0,,,
23000,250,-4.0,,,
23000,250,-3.0,,,
23000,250,-2.0,,,
23000,250,-1.0,,,
23000,250,0.0,,,
23000,250,1.0,,,
23000,250,2.0,,,
23000,250,3.0,,,
23000,250,4.0,,,
23000,250,5.0,,,
23000,250,6.0,,,
23000,250,7.0,,,
23000,250,8.0,,,
23000,250,9.0,,,
23000,250,10.0,,,
23000,250,11.0,,,
23000,250,12.0,,,
23000,250,13.0,,,
23000,250,14.0,,,
23000,250,15.0,,,
23000,500,-7.0,,,
23000,500,-6.0,,,
23000,500,-5.0,,,
23000,500,-4.0,,,
23000,500,-3.0,,,
23000,500,-2.0,,,
23000,500,-1.0,,,
23000,500,0.0,,,
23000,500,1.0,,,
23000,500,2.0,,,
23000,500,3.0,,,
23000,500,4.0,,,
23000,500,5.0,,,
23000,500,6.0,,,
23000,500,7.0,,,
23000,500,8.0,,,
23000,500,9.0,,,
23000,500,10.0,,,
23000,500,11.0,,,
23000,500,12.0,,,
23000,500,13.0,,,
23000,500,14.0,,,
23000,500,15.0,,,
23000,800,-7.0,,,
23000,800,-6.0,,,
23000,800,-5.0,,,
23000,800,-4.0,,,
23000,800,-3.0,,,
23000,800,-2.0,,,
23000,800,-1.0,,,
23000,800,0.0,,,
23000,800,1.0,,,
23000,800,2.0,,,
23000,800,3.0,,,
23000,800,4.0,,,
23000,800,5.0,,,
23000,800,6.0,,,
23000,800,7.0,,,
23000,800,8.0,,,
23000,800,9.0,,,
23000,800,10.0,,,
23000,800,11.0,,,
23000,800,12.0,,,
23000,800,13.0,,,
23000,800,14.0,,,
23000,800,15.0,,,
24000,30,-7.0,,,
24000,30,-6.0,,,
24000,30,-5.0,,,
24000,30,-4.0,,,
24000,30,-3.0,,,
24000,30,-2.0,,,
24000,30,-1.0,,,
24000,30,0.0,,,
24000,30,1.0,,,
24000,30,2.0,,,
24000,30,3.0,,,
24000,30,4.0,,,
24000,30,5.0,,,
24000,30,6.0,,,
24000,30,7.0,,,
24000,30,8.0,,,
24000,30,9.0,,,
24000,30,10.0,,,
24000,30,11.0,,,
24000,30,12.0,,,
24000,30,13.0,,,
24000,30,14.0,,,
24000,30,15.0,,,
24000,50,-7.0,,,
24000,50,-6.0,,,
24000,50,-5.0,,,
24000,50,-4.0,,,
24000,50,-3.0,,,
24000,50,-2.0,,,
24000,50,-1.0,,,
24000,50,0.0,,,
24000,50,1.0,,,
24000,50,2.0,,,
24000,50,3.0,,,
24000,50,4.0,,,
24000,50,5.0,,,
24000,50,6.0,,,
24000,50,7.0,,,
24000,50,8.0,,,
24000,50,9.0,,,
24000,50,10.0,,,
24000,50,11.0,,,
24000,50,12.0,,,
24000,50,13.0,,,
24000,50,14.0,,,
24000,50,15.0,,,
24000,100,-7.0,,,
24000,100,-6.0,,,
24000,100,-5.0,,,
24000,100,-4.0,,,
24000,100,-3.0,,,
24000,100,-2.0,,,
24000,100,-1.0,,,
24000,100,0.0,,,
24000,100,1.0,,,
24000,100,2.0,,,
24000,100,3.0,,,
24000,100,4.0,,,
24000,100,5.0,,,
24000,100,6.0,,,
24000,100,7.0,,,
24000,100,8.0,,,
24000,100,9.0,,,
24000,100,10.0,,,
24000,100,11.0,,,
24000,100,12.0,,,
24000,100,13.0,,,
24000,100,14.0,,,
24000,100,15.0,,,
24000,250,-7.0,,,
24000,250,-6.0,,,
24000,250,-5.0,,,
24000,250,-4.0,,,
24000,250,-3.0,,,
24000,250,-2.0,,,
24000,250,-1.0,,,
24000,250,0.0,,,
24000,250,1.0,,,
24000,250,2.0,,,
24000,250,3.0,,,
24000,250,4.0,,,
24000,250,5.0,,,
24000,250,6.0,,,
24000,250,7.0,,,
24000,250,8.0,,,
24000,250,9.0,,,
24000,250,10.0,,,
24000,250,11.0,,,
24000,250,12.0,,,
24000,250,13.0,,,
24000,250,14.0,,,
24000,250,15.0,,,
24000,500,-7.0,,,
24000,500,-6.0,,,
24000,500,-5.0,,,
24000,500,-4.0,,,
24000,500,-3.0,,,
24000,500,-2.0,,,
24000,500,-1.0,,,
24000,500,0.0,,,
24000,500,1.0,,,
24000,500,2.0,,,
24000,500,3.0,,,
24000,500,4.0,,,
24000,500,5.0,,,
24000,500,6.0,,,
24000,500,7.0,,,
24000,500,8.0,,,
24000,500,9.0,,,
24000,500,10.0,,,
24000,500,11.0,,,
24000,500,12.0,,,
24000,500,13.0,,,
24000,500,14.0,,,
24000,500,15.0,,,
24000,800,-7.0,,,
24000,800,-6.0,,,
24000,800,-5.0,,,
24000,800,-4.0,,,
24000,800,-3.0,,,
24000,800,-2.0,,,
24000,800,-1.0,,,
24000,800,0.0,,,
24000,800,1.0,,,
24000,800,2.0,,,
24000,800,3.0,,,
24000,800,4.0,,,
24000,800,5.0,,,
24000,800,6.0,,,
24000,800,7.0,,,
24000,800,8.0,,,
24000,800,9.0,,,
24000,800,10.0,,,
24000,800,11.0,,,
24000,800,12.0,,,
24000,800,13.0,,,
24000,800,14.0,,,
24000,800,15.0,,,
25000,30,-7.0,,,
25000,30,-6.0,,,
25000,30,-5.0,,,
25000,30,-4.0,,,
25000,30,-3.0,,,
25000,30,-2.0,,,
25000,30,-1.0,,,
25000,30,0.0,,,
25000,30,1.0,,,
25000,30,2.0,,,
25000,30,3.0,,,
25000,30,4.0,,,
25000,30,5.0,,,
25000,30,6.0,,,
25000,30,7.0,,,
25000,30,8.0,,,
25000,30,9.0,,,
25000,30,10.0,,,
25000,30,11.0,,,
25000,30,12.0,,,
25000,30,13.0,,,
25000,30,14.0,,,
25000,30,15.0,,,
25000,50,-7.0,,,
25000,50,-6.0,,,
25000,50,-5.0,,,
25000,50,-4.0,,,
25000,50,-3.0,,,
25000,50,-2.0,,,
25000,50,-1.0,,,
25000,50,0.0,,,
25000,50,1.0,,,
25000,50,2.0,,,
25000,50,3.0,,,
25000,50,4.0,,,
25000,50,5.0,,,
25000,50,6.0,,,
25000,50,7.0,,,
25000,50,8.0,,,
25000,50,9.0,,,
25000,50,10.0,,,
25000,50,11.0,,,
25000,50,12.0,,,
25000,50,13.0,,,
25000,50,14.0,,,
25000,50,15.0,,,
25000,100,-7.0,,,
25000,100,-6.0,,,
25000,100,-5.0,,,
25000,100,-4.0,,,
25000,100,-3.0,,,
25000,100,-2.0,,,
25000,100,-1.0,,,
25000,100,0.0,,,
25000,100,1.0,,,
25000,100,2.0,,,
25000,100,3.0,,,
25000,100,4.0,,,
25000,100,5.0,,,
25000,100,6.0,,,
25000,100,7.0,,,
25000,100,8.0,,,
25000,100,9.0,,,
25000,100,10.0,,,
25000,100,11.0,,,
25000,100,12.0,,,
25000,100,13.0,,,
25000,100,14.0,,,
25000,100,15.0,,,
25000,250,-7.0,,,
25000,250,-6.0,,,
25000,250,-5.0,,,
25000,250,-4.0,,,
25000,250,-3.0,,,
25000,250,-2.0,,,
25000,250,-1.0,,,
25000,250,0.0,,,
25000,250,1.0,,,
25000,250,2.0,,,
25000,250,3.0,,,
25000,250,4.0,,,
25000,250,5.0,,,
25000,250,6.0,,,
25000,250,7.0,,,
25000,250,8.0,,,
25000,250,9.0,,,
25000,250,10.0,,,
25000,250,11.0,,,
25000,250,12.0,,,
25000,250,13.0,,,
25000,250,14.0,,,
25000,250,15.0,,,
25000,500,-7.0,,,
25000,500,-6.0,,,
25000,500,-5.0,,,
25000,500,-4.0,,,
25000,500,-3.0,,,
25000,500,-2.0,,,
25000,500,-1.0,,,
25000,500,0.0,,,
25000,500,1.0,,,
25000,500,2.0,,,
25000,500,3.0,,,
25000,500,4.0,,,
25000,500,5.0,,,
25000,500,6.0,,,
25000,500,7.0,,,
25000,500,8.0,,,
25000,500,9.0,,,
25000,500,10.0,,,
25000,500,11.0,,,
25000,500,12.0,,,
25000,500,13.0,,,
25000,500,14.0,,,
25000,500,15.0,,,
25000,800,-7.0,,,
25000,800,-6.0,,,
25000,800,-5.0,,,
25000,800,-4.0,,,
25000,800,-3.0,,,
25000,800,-2.0,,,
25000,800,-1.0,,,
25000,800,0.0,,,
25000,800,1.0,,,
25000,800,2.0,,,
25000,800,3.0,,,
25000,800,4.0,,,
25000,800,5.0,,,
25000,800,6.0,,,
25000,800,7.0,,,
25000,800,8.0,,,
25000,800,9.0,,,
25000,800,10.0,,,
25000,800,11.0,,,
25000,800,12.0,,,
25000,800,13.0,,,
25000,800,14.0,,,
25000,800,15.0,,,
26000,30,-7.0,,,
26000,30,-6.0,,,
26000,30,-5.0,,,
26000,30,-4.0,,,
26000,30,-3.0,,,
26000,30,-2.0,,,
26000,30,-1.0,,,
26000,30,0.0,,,
26000,30,1.0,,,
26000,30,2.0,,,
26000,30,3.0,,,
26000,30,4.0,,,
26000,30,5.0,,,
26000,30,6.0,,,
26000,30,7.0,,,
26000,30,8.0,,,
26000,30,9.0,,,
26000,30,10.0,,,
26000,30,11.0,,,
26000,30,12.0,,,
26000,30,13.0,,,
26000,30,14.0,,,
26000,30,15.0,,,
26000,50,-7.0,,,
26000,50,-6.0,,,
26000,50,-5.0,,,
26000,50,-4.0,,,
26000,50,-3.0,,,
26000,50,-2.0,,,
26000,50,-1.0,,,
26000,50,0.0,,,
26000,50,1.0,,,
26000,50,2.0,,,
26000,50,3.0,,,
26000,50,4.0,,,
26000,50,5.0,,,
26000,50,6.0,,,
26000,50,7.0,,,
26000,50,8.0,,,
26000,50,9.0,,,
26000,50,10.0,,,
26000,50,11.0,,,
26000,50,12.0,,,
26000,50,13.0,,,
26000,50,14.0,,,
26000,50,15.0,,,
26000,100,-7.0,,,
26000,100,-6.0,,,
26000,100,-5.0,,,
26000,100,-4.0,,,
26000,100,-3.0,,,
26000,100,-2.0,,,
26000,100,-1.0,,,
26000,100,0.0,,,
26000,100,1.0,,,
26000,100,2.0,,,
26000,100,3.0,,,
26000,100,4.0,,,
26000,100,5.0,,,
26000,100,6.0,,,
26000,100,7.0,,,
26000,100,8.0,,,
26000,100,9.0,,,
26000,100,10.0,,,
26000,100,11.0,,,
26000,100,12.0,,,
26000,100,13.0,,,
26000,100,14.0,,,
26000,100,15.0,,,
26000,250,-7.0,,,
26000,250,-6.0,,,
26000,250,-5.0,,,
26000,250,-4.0,,,
26000,250,-3.0,,,
26000,250,-2.0,,,
26000,250,-1.0,,,
26000,250,0.0,,,
26000,250,1.0,,,
26000,250,2.0,,,
26000,250,3.0,,,
26000,250,4.0,,,
26000,250,5.0,,,
26000,250,6.0,,,
26000,250,7.0,,,
26000,250,8.0,,,
26000,250,9.0,,,
26000,250,10.0,,,
26000,250,11.0,,,
26000,250,12.0,,,
26000,250,13.0,,,
26000,250,14.0,,,
26000,250,15.0,,,
26000,500,-7.0,,,
26000,500,-6.0,,,
26000,500,-5.0,,,
26000,500,-4.0,,,
26000,500,-3.0,,,
26000,500,-2.0,,,
26000,500,-1.0,,,
26000,500,0.0,,,
26000,500,1.0,,,
26000,500,2.0,,,
26000,500,3.0,,,
26000,500,4.0,,,
26000,500,5.0,,,
26000,500,6.0,,,
26000,500,7.0,,,
26000,500,8.0,,,
26000,500,9.0,,,
26000,500,10.0,,,
26000,500,11.0,,,
26000,500,12.0,,,
26000,500,13.0,,,
26000,500,14.0,,,
26000,500,15.0,,,
26000,800,-7.0,,,
26000,800,-6.0,,,
26000,800,-5.0,,,
26000,800,-4.0,,,
26000,800,-3.0,,,
26000,800,-2.0,,,
26000,800,-1.0,,,
26000,800,0.0,,,
26000,800,1.0,,,
26000,800,2.0,,,
26000,800,3.0,,,
26000,800,4.0,,,
26000,800,5.0,,,
26000,800,6.0,,,
26000,800,7.0,,,
26000,800,8.0,,,
26000,800,9.0,,,
26000,800,10.0,,,
26000,800,11.0,,,
26000,800,12.0,,,
26000,800,13.0,,,
26000,800,14.0,,,
26000,800,15.0,,,
27000,30,-7.0,,,
27000,30,-6.0,,,
27000,30,-5.0,,,
27000,30,-4.0,,,
27000,30,-3.0,,,
27000,30,-2.0,,,
27000,30,-1.0,,,
27000,30,0.0,,,
27000,30,1.0,,,
27000,30,2.0,,,
27000,30,3.0,,,
27000,30,4.0,,,
27000,30,5.0,,,
27000,30,6.0,,,
27000,30,7.0,,,
27000,30,8.0,,,
27000,30,9.0,,,
27000,30,10.0,,,
27000,30,11.0,,,
27000,30,12.0,,,
27000,30,13.0,,,
27000,30,14.0,,,
27000,30,15.0,,,
27000,50,-7.0,,,
27000,50,-6.0,,,
27000,50,-5.0,,,
27000,50,-4.0,,,
27000,50,-3.0,,,
27000,50,-2.0,,,
27000,50,-1.0,,,
27000,50,0.0,,,
27000,50,1.0,,,
27000,50,2.0,,,
27000,50,3.0,,,
27000,50,4.0,,,
27000,50,5.0,,,
27000,50,6.0,,,
27000,50,7.0,,,
27000,50,8.0,,,
27000,50,9.0,,,
27000,50,10.0,,,
27000,50,11.0,,,
27000,50,12.0,,,
27000,50,13.0,,,
27000,50,14.0,,,
27000,50,15.0,,,
27000,100,-7.0,,,
27000,100,-6.0,,,
27000,100,-5.0,,,
27000,100,-4.0,,,
27000,100,-3.0,,,
27000,100,-2.0,,,
27000,100,-1.0,,,
27000,100,0.0,,,
27000,100,1.0,,,
27000,100,2.0,,,
27000,100,3.0,,,
27000,100,4.0,,,
27000,100,5.0,,,
27000,100,6.0,,,
27000,100,7.0,,,
27000,100,8.0,,,
27000,100,9.0,,,
27000,100,10.0,,,
27000,100,11.0,,,
27000,100,12.0,,,
27000,100,13.0,,,
27000,100,14.0,,,
27000,100,15.0,,,
27000,250,-7.0,,,
27000,250,-6.0,,,
27000,250,-5.0,,,
27000,250,-4.0,,,
27000,250,-3.0,,,
27000,250,-2.0,,,
27000,250,-1.0,,,
27000,250,0.0,,,
27000,250,1.0,,,
27000,250,2.0,,,
27000,250,3.0,,,
27000,250,4.0,,,
27000,250,5.0,,,
27000,250,6.0,,,
27000,250,7.0,,,
27000,250,8.0,,,
27000,250,9.0,,,
27000,250,10.0,,,
27000,250,11.0,,,
27000,250,12.0,,,
27000,250,13.0,,,
27000,250,14.0,,,
27000,250,15.0,,,
27000,500,-7.0,,,
27000,500,-6.0,,,
27000,500,-5.0,,,
27000,500,-4.0,,,
27000,500,-3.0,,,
27000,500,-2.0,,,
27000,500,-1.0,,,
27000,500,0.0,,,
27000,500,1.0,,,
27000,500,2.0,,,
27000,500,3.0,,,
27000,500,4.0,,,
27000,500,5.0,,,
27000,500,6.0,,,
27000,500,7.0,,,
27000,500,8.0,,,
27000,500,9.0,,,
27000,500,10.0,,,
27000,500,11.0,,,
27000,500,12.0,,,
27000,500,13.0,,,
27000,500,14.0,,,
27000,500,15.0,,,
27000,800,-7.0,,,
27000,800,-6.0,,,
27000,800,-5.0,,,
27000,800,-4.0,,,
27000,800,-3.0,,,
27000,800,-2.0,,,
27000,800,-1.0,,,
27000,800,0.0,,,
27000,800,1.0,,,
27000,800,2.0,,,
27000,800,3.0,,,
27000,800,4.0,,,
27000,800,5.0,,,
27000,800,6.0,,,
27000,800,7.0,,,
27000,800,8.0,,,
27000,800,9.0,,,
27000,800,10.0,,,
27000,800,11.0,,,
27000,800,12.0,,,
27000,800,13.0,,,
27000,800,14.0,,,
27000,800,15.0,,,
