Column1,Column2,Column3,Column4
200.0,27000.0,0.028775929576705047,1.2763
199.2711032822261,26996.978647718905,0.02878960248048147,1.2763
198.8423944493486,26987.963684400365,0.028830438746041846,1.2763
198.71048959461606,26972.96520127575,0.02889851139912752,1.2763
198.870171132928,26952.00475891927,0.02899392024458995,1.2763
199.31442254234022,26925.115369533418,0.02911679134674056,1.2763
200.03449947497793,26892.341518832414,0.029267275951410605,1.2763
201.02003407512197,26853.739225025205,0.02944554884090163,1.2763
202.25916638304378,26809.37613286421,0.02965180610218838,1.2763
203.73869573430153,26759.33164106685,0.029886262278691764,1.2763
205.44424468744714,26703.697061601473,0.030149146866804245,1.2763
207.36042820547837,26642.575809327725,0.030440700110281462,1.2763
209.47102149495177,26576.08362026723,0.030761168038885723,1.2763
211.75912094911268,26504.34879633457,0.031110796692561567,1.2763
214.20729390911484,26427.51247366383,0.031489825469326584,1.2763
216.79771431606744,26345.72891071108,0.0318984795344769,1.2763
219.51228266143164,26259.165791095762,0.03233696123115513,1.2763
222.33272986711,26168.004534660173,0.03280544043853452,1.2763
225.24070578218306,26072.44060848834,0.03330404383453704,1.2763
228.2178538404272,25972.683827648136,0.03383284303599625,1.2763
231.2458740726202,25868.958633238446,0.03439184161131834,1.2763
234.3065771158652,25761.504332979508,0.034980960989850825,1.2763
237.38193212247285,25650.575287150208,0.03560002532906858,1.2763
240.4541021636105,25536.441020588187,0.03624874544389943,1.2763
243.50507097120135,25419.386312526585,0.03692670152689841,1.2763
246.51644460442327,25299.711387920517,0.03763332394128094,1.2763
249.46985893240844,25177.731843199992,0.03836787426205307,1.2763
252.3470856230917,25053.778285273882,0.039129426975155514,1.2763
255.13015231903233,24928.195716398568,0.039916851993563617,1.2763
257.80149751421015,24801.34262343544,0.04072879866599713,1.2763
260.3441587826362,24673.589734270055,0.041563682039265484,1.2763
262.74198959685503,24545.31841311121,0.04241967218662045,1.2763
264.9798963860823,24416.91867911556,0.04329468742635989,1.2763
267.0440841253326,24288.78684890379,0.04418639221808837,1.2763
268.9222960954081,24161.32282215885,0.04509220043266256,1.2763
270.6040319815958,24034.927049268503,0.04600928454503362,1.2763
272.0807285579584,23909.99723917868,0.04693459110186057,1.2763
273.34588900994146,23786.924882406296,0.047864862578897605,1.2763
274.39515039400777,23666.091676790984,0.04879666548258996,1.2763
275.226283456982,23547.86595072586,0.04972642428512396,1.2763
275.83912445228196,23432.599179609933,0.05065046053182427,1.2763
276.23544398870456,23320.62268617144,0.05156503624180287,1.2763
276.4187626396404,23212.244604902477,0.05246640055034127,1.2763
276.3941264815839,23107.74717647003,0.05335083842253855,1.2763
276.16785761006054,23007.384421290924,0.054214720204523136,1.2763
275.74729495319644,22911.380224179135,0.05505455076857454,1.2763
275.1405395587913,22819.92684558773,0.05586701704601331,1.2763
274.3562163251373,22733.18386058413,0.05664903281909568,1.2763
273.4032613083715,22651.277514977646,0.05739777975240524,1.2763
272.2907406891953,22574.300479176978,0.058110743777950696,1.2763
271.0277045667902,22502.3119742563,0.05878574609979998,1.2763
269.6230762106336,22435.3382409688,0.059420968248143434,1.2763
268.08557537485495,22373.37332055829,0.060014970784365955,1.2763
266.4236728024338,22316.380115657736,0.060566705433527435,1.2763
264.6455720850709,22264.291699847417,0.06107552059433132,1.2763
262.75921452289504,22217.012845192912,0.061541160344664655,1.2763
260.77230245135434,22174.421738016674,0.061963757218701045,1.2763
258.69233657522085,22136.371854103047,0.0623438191749097,1.2763
256.5266630874451,22102.693965412,0.06268221129907887,1.2763
254.28252668670973,22073.198251159465,0.06298013288917485,1.2763
251.96712599380282,22047.67648683964,0.06323909064692386,1.2763
249.58766827241055,22025.904285464763,0.06346086875294389,1.2763
247.15142076771104,22007.64336604365,0.06364749662761554,1.2763
244.6657563794497,21992.643825171494,0.06380121517947138,1.2763
242.13819178433613,21980.646388614034,0.0639244423185083,1.2763
239.5764165176193,21971.384620985627,0.06401973846609917,1.2763
236.98831129264565,21964.587073070423,0.06408977272954762,1.2763
234.3821278189781,21959.9793480312,0.06413729033161548,1.2763
231.76686778151145,21957.28608643996,0.0641650816246868,1.2763
229.15157851532393,21956.23289211576,0.06417595271999622,1.2763
226.54519585452303,21956.54812808356,0.06417269864868759,1.2763
223.9565306510759,21957.964539976507,0.06415807961512753,1.2763
221.3942530599668,21960.220705656244,0.06413480040917094,1.2763
218.86687424655702,21963.062314598086,0.06410549293664752,1.2763
216.3827252500289,21966.243283316762,0.06407270175116828,1.2763
213.94993281559726,21969.526715253298,0.06403887241054193,1.2763
211.57639209044288,21972.68571513831,0.06400634243683316,1.2763
209.26973616660996,21975.50406893654,0.06397733462909526,1.2763
207.03730255056115,21977.776801115167,0.06395395246036872,1.2763
204.88609674499253,21979.310621222732,0.06393817728382956,1.2763
202.82275324406757,21979.924271676697,0.06393186707508276,1.2763
200.85349436716166,21979.448788293554,0.06393675644670727,1.2763
198.98408748566774,21977.72768451318,0.06395445768552913,1.2763
197.2198013278481,21974.61706951906,0.06398646258126675,1.2763
195.5653621719959,21969.98570958738,0.06403414483577885,1.2763
194.0249108508602,21963.715041049672,0.06409876286412716,1.2763
192.60196158211997,21955.699142263707,0.06418146282109222,1.2763
191.2993637022236,21945.844670984818,0.0642832817090478,1.2763
190.11926740635374,21934.070772539748,0.064405150444655,1.2763
189.06309457933057,21920.308963247135,0.06454789678236716,1.2763
188.13151573701708,21904.50299261804,0.06471224801204536,1.2763
187.32443398435956,21886.608687016058,0.06489883336597937,1.2763
186.6409767372552,21866.59377666704,0.06510818608726701,1.2763
186.0794957572221,21844.43770718503,0.06534074512694692,1.2763
185.63757581995966,21820.131436127147,0.06559685645157945,1.2763
185.3120520934866,21793.677214499792,0.06587677395628748,1.2763
185.09903605244372,21765.088352613602,0.06618065999079585,1.2763
184.9939495164749,21734.388969218406,0.06650858551789843,1.2763
184.9915661855968,21701.61372243979,0.06686052993514843,1.2763
185.0860598652322,21666.807520683782,0.06723638060162733,1.2763
185.27105843624983,21630.025211373057,0.06763593212240605,1.2763
185.5397025354046,21591.3312451284,0.06805888545384925,1.2763
185.88470786984536,21550.799312816445,0.0685048469032216,1.2763
186.2984300931093,21508.511952750883,0.0689733271060281,1.2763
186.7729312136711,21464.56012527047,0.06946374007403917,1.2763
187.3000465828982,21419.042751928933,0.06997540241575108,1.2763
187.8714516082234,21372.06621663088,0.07050753283889127,1.2763
188.4787274501907,21323.74382624651,0.07105925205102566,1.2763
189.11342507991537,21274.19522854442,0.07162958317907046,1.2763
189.76712718869695,21223.54578570973,0.07221745283097171,1.2763
190.4315075478013,21171.925902270275,0.07282169292256534,1.2763
191.0983875093412,21119.470306941006,0.07344104338917087,1.2763
191.75978941604248,21066.317288719907,0.07407415589429431,1.2763
192.40798674756144,21012.607888518876,0.07471959863658664,1.2763
193.03555087441396,20958.485048682636,0.07537586234053413,1.2763
193.6353943192314,20904.092723918144,0.07604136749621035,1.2763
194.20081044158425,20849.574958402303,0.07671447288865577,1.2763
194.72550947014966,20795.074935123514,0.07739348542849242,1.2763
195.2036508079359,20740.734004805963,0.07807667126252901,1.2763
195.62987153592314,20686.690703017342,0.07876226810724783,1.2763
195.99931104084902,20633.079765225306,0.07944849871006449,1.2763
196.30763169647562,20580.031150592047,0.08013358530442621,1.2763
196.5422457536762,20527.85013026211,0.08081339595960452,1.2763
196.64368224617522,20477.815376906357,0.08147081610402067,1.2763
196.60172916320397,20430.250915055418,0.08210087848296474,1.2763
196.41763771070157,20385.25410631636,0.08270154153857377,1.2763
196.0936630599175,20342.897812841846,0.08327108603137641,1.2763
195.63302158462892,20303.22991002975,0.08380813912507486,1.2763
195.03984145123394,20266.27314924914,0.08431169221338518,1.2763
194.31910746552845,20232.025371880165,0.08478111200967296,1.2763
193.47660115926942,20200.4600662799,0.08521614466156145,1.2763
192.51883713000072,20171.52725010979,0.08561691290113012,1.2763
191.45299663118104,20145.15465220646,0.08598390648245953,1.2763
190.28685935134177,20121.249161196098,0.08631796637880627,1.2763
189.02873422790518,20099.69850260231,0.08662026340033019,1.2763
187.6873900216622,20080.3731024331,0.08689227204161194,1.2763
186.27198624059412,20063.128093201798,0.08713574047101164,1.2763
184.79200485539457,20047.80541798789,0.0873526576295342,1.2763
183.25718310188614,20034.235989337656,0.08754521841662564,1.2763
181.6774475248443,20022.24186233343,0.08771578790858252,1.2763
180.06284928999796,20011.638384771115,0.08786686548810327,1.2763
178.42350068167775,20002.2362917967,0.08800104966875834,1.2763
176.7695363019241,19993.84368883782,0.08811849943507154,1.2763
175.11106177816126,19986.267748847105,0.08822383317173715,1.2763
173.45798687118676,19979.3166548959,0.08832058998441397,1.2763
171.8200274404232,19972.801377545286,0.0884113767231568,1.2763
170.20665155164082,19966.53716585017,0.08849875299834409,1.2763
168.6270204779885,19960.344890677403,0.08858521073906543,1.2763
167.08992956027467,19954.052241776084,0.08867315644617856,1.2763
165.60374894936376,19947.494781621946,0.08876489604129591,1.2763
164.17636442774094,19940.516861267955,0.08886262215929881,1.2763
162.81511870326145,19932.972405054818,0.08896840369318607,1.2763
161.52675377493165,19924.72557211873,0.08908417737490346,1.2763
160.31735517511802,19915.65130323732,0.08921174116276835,1.2763
159.1922990800779,19905.635761751186,0.08935274920339097,1.2763
158.15620343563114,19894.576677155736,0.08950870814184266,1.2763
157.21288435205628,19882.3835995512,0.08968097456641909,1.2763
156.36531906872483,19868.978072531205,0.08987075339210575,1.2763
155.61561676477294,19854.293731346228,0.09007909700827865,1.2763
154.96499839218956,19838.276332348178,0.09030690504005455,1.2763
154.41378653285594,19820.883718854784,0.09055492459795585,1.2763
153.96140603829252,19802.085727702783,0.09082375091636391,1.2763
153.6063959132247,19781.864039918095,0.09111382830691944,1.2763
153.34643256968394,19760.211978142663,0.09142545137807465,1.2763
153.1783642287272,19737.134252739263,0.09175876649600863,1.2763
153.09825590481535,19712.646657861103,0.09211377348476793,1.2763
153.1014440952587,19686.77571823297,0.09249032758452379,1.2763
153.18260003257203,19659.558286954383,0.09288814170598905,1.2763
153.33580015491708,19631.041094310935,0.09330678903605907,1.2763
153.55460231693306,19601.28024737397,0.09374570606437001,1.2763
153.83212620192643,19570.340680091736,0.0942041961123572,1.2763
154.16113640259408,19538.295553632644,0.0946814334552212,1.2763
154.53412670251515,19505.22560694096,0.0951764681325908,1.2763
154.94340420262162,19471.218457814353,0.09568823154518986,1.2763
155.38117208212574,19436.36785531318,0.09621554293211543,1.2763
155.8396099481179,19400.772884964335,0.09675711681604962,1.2763
156.31095089953502,19364.537129021406,0.0973115714916278,1.2763
156.78755459867241,19327.767784979085,0.09787743861508766,1.2763
157.26197579868668,19290.574746592163,0.09845317393130834,1.2763
157.72702791309675,19253.06965279566,0.09903716914758068,1.2763
158.17584133026705,19215.364911125944,0.09962776493245466,1.2763
158.6019162716302,19177.572703465656,0.10022326498344664,1.2763
158.9991700681843,19139.80398312776,0.10082195107028641,1.2763
159.3619787880716,19102.167473406324,0.10142209892194366,1.2763
159.68521319211487,19064.768678696917,0.1020219947873778,1.2763
159.9642690276285,19027.708920075394,0.10261995246339602,1.2763
160.1950916971889,18991.084407764996,0.1032143305499478,1.2763
160.37419536149096,18954.985363176733,0.10380354966529118,1.2763
160.49867655651877,18919.495203135517,0.10438610933243514,1.2763
160.56622242692163,18884.689798483858,0.10496060423544998,1.2763
160.5751137008492,18850.636818473653,0.10552573954079399,1.2763
160.52422255703019,18817.395171222102,0.10608034498540315,1.2763
160.41300556239068,18785.014549040683,0.1066233874501935,1.2763
160.24149188730914,18753.535085687145,0.10715398176451328,1.2763
160.01026703467488,18722.9871305917,0.10767139952316145,1.2763
159.72045234698192,18693.39114293523,0.1081750757415719,1.2763
159.37368058145736,18664.757706185013,0.10866461322489697,1.2763
158.97206786550933,18637.087661399626,0.10913978458099974,1.2763
158.51818236257336,18610.37235538105,0.10960053186349368,1.2763
158.01500999110556,18584.593997651387,0.11004696388669927,1.2763
157.4659175466921,18559.726118336424,0.11047935130741411,1.2763
156.87461357917536,18535.734117400494,0.11089811961677615,1.2763
156.2451073738203,18512.575894345227,0.11130384022744912,1.2763
155.58166637875615,18490.20254648253,0.1116972198756444,1.2763
154.88877241137365,18468.559123235704,0.11207908858320116,1.2763
154.1710769654149,18447.585423605764,0.11245038644175435,1.2763
153.43335592957638,18427.21682394962,0.11281214948894043,1.2763
152.6804640189953,18407.385123521548,0.11316549494615076,1.2763
151.91728921424664,18388.019395792315,0.11351160607935695,1.2763
151.1487074994368,18369.046834338922,0.1138517169300567,1.2763
150.37953819226706,18350.39358304107,0.11418709714373841,1.2763
149.61450016471562,18331.98554138305,0.11451903709972497,1.2763
148.85816926292176,18313.749136792136,0.11484883352022349,1.2763
148.1149372480723,18295.612057105292,0.11517777570913014,1.2763
147.38897259522025,18277.503937404563,0.11550713254381095,1.2763
146.68418350217422,18259.356996569153,0.11583814031664937,1.2763
146.00418347368736,18241.106619929065,0.11617199149850148,1.2763
145.35225985476865,18222.691885357977,0.11650982447385319,1.2763
144.73134568858737,18204.056030994896,0.11685271427794358,1.2763
144.1439952668642,18185.146863533024,0.11720166434955989,1.2763
143.592363721939,18165.91710665704,0.11755759929975511,1.2763
143.07819097848878,18146.324689753314,0.11792135868625502,1.2763
142.60279033852186,18126.33297746511,0.11829369177570143,1.2763
142.16704191596142,18105.910941031394,0.11867525327075851,1.2763
141.77139106792487,18085.033272641653,0.11906659997621082,1.2763
141.4158518906362,18063.68044427433,0.11946818837710936,1.2763
141.10001576142136,18041.838712677793,0.1198803731023265,1.2763
140.82306481771133,18019.500072310526,0.12030340624820783,1.2763
140.5837901729821,17996.662158196108,0.12073743753889976,1.2763
140.3806145818197,17973.328100778876,0.12118251530201238,1.2763
140.2116191852948,17949.50633499688,0.12163858824020192,1.2763
140.07457389669452,17925.210365930496,0.12210550798065037,1.2763
139.96697092884685,17900.458493542093,0.12258303238503364,1.2763
139.8860609195138,17875.273499199495,0.12307082960215648,1.2763
139.82889108153026,17849.682296877556,0.12356848284377632,1.2763
139.79234478959856,17823.715552157035,0.12407549586113686,1.2763
139.773182015279,17797.40727238613,0.12459129909532547,1.2763
139.76808003445646,17770.794371635628,0.1251152564687204,1.2763
139.77367385570895,17743.91621435551,0.125646672777622,1.2763
139.78659585152977,17716.814141922805,0.12618480163778367,1.2763
139.8035141151568,17689.530986546604,0.1267288539252052,1.2763
139.82116911173895,17662.1105772568,0.1272780066445055,1.2763
139.83640824180193,17634.59724293464,0.12783141214680319,1.2763
139.84621798575637,17607.035317533828,0.12838820760871117,1.2763
139.8477533491362,17579.468652778076,0.1289475246742105,1.2763
139.83836437825494,17551.94014369069,0.12950849915231458,1.2763
139.81561956421515,17524.491272305608,0.13007028065596737,1.2763
139.77732599918303,17497.161674815183,0.13063204206204118,1.2763
139.72154619219535,17469.98873722382,0.13119298866894147,1.2763
139.64661149236952,17443.007224291505,0.13175236692758496,1.2763
139.55113210520017,17416.24894616982,0.13230947262356377,1.2763
139.4340037226814,17389.742466655243,0.13286365839334108,1.2763
139.2944108203831,17363.512856419853,0.13341434046531303,1.2763
139.13182670442137,17337.581493935526,0.1339610045274597,1.2763
138.9460104185869,17311.965916099554,0.13450321063684606,1.2763
138.73700064680673,17286.679719813925,0.13504059710206712,1.2763
138.50510676867862,17261.73251498216,0.13557288328750053,1.2763
138.25089724608986,17237.129928591665,0.13609987130729678,1.2763
137.97518553696466,17212.87365876051,0.1366214465969543,1.2763
137.67901374803733,17188.96157686928,0.1371375773703964,1.2763
137.3636342522976,17165.387875187822,0.13764831299014108,1.2763
137.03048950847787,17142.143256760246,0.13815378129684452,1.2763
136.6811903297614,17119.215163743283,0.13865418496170184,1.2763
136.31749285688514,17096.588039915634,0.1391497969404259,1.2763
135.94127449711263,17074.243622694423,0.13964095512050803,1.2763
135.55450909525356,17052.161259715824,0.14012805626389582,1.2763
135.15924160608267,17030.318244859995,0.14061154935499576,1.2763
134.75756253920196,17008.69016852372,0.1410919284689835,1.2763
134.35158244757798,16987.251276961993,0.1415697252778554,1.2763
133.94340672959862,16965.97483562593,0.14204550131161092,1.2763
133.53511101139276,16944.833491606896,0.14251984008970056,1.2763
133.1287173711471,16923.79963054894,0.14299333923359558,1.2763
132.72617165998457,16902.84572369708,0.1434666026654609,1.2763
132.32932216436174,16881.944661101323,0.14394023299066203,1.2763
131.93989984260193,16861.07006738042,0.1444148241536209,1.2763
131.55950035283016,16840.1965968559,0.14489095444764868,1.2763
131.18956807099727,16819.30020528759,0.14536917995008436,1.2763
130.83138227571644,16798.358395865365,0.14585002844467462,1.2763
130.4860456512758,16777.350437534486,0.14633399388378462,1.2763
130.15447523151252,16756.25755414456,0.14682153143396603,1.2763
129.8373958755225,16735.063083313304,0.14731305313969847,1.2763
129.5353363318416,16713.75260428123,0.14780892423186345,1.2763
129.24862791134348,16692.31403439988,0.14830946009976115,1.2763
128.9774057513878,16670.73769424479,0.14881492393820034,1.2763
128.72161261552813,16649.016341672468,0.1493255250744125,1.2763
128.48100513527663,16627.145175450245,0.14984141797316508,1.2763
128.25516236394822,16605.12180937833,0.1503627019124635,1.2763
128.04349647839894,16582.946218096004,0.15088942131653024,1.2763
127.8452654333884,16560.620656018284,0.15142156672731244,1.2763
127.65958734611185,16538.149551087325,0.1519590763904947,1.2763
127.48545636576695,16515.539375243403,0.15250183842685552,1.2763
127.32175976532156,16492.79849372257,0.15304969355480208,1.2763
127.16729598021337,16469.936995473603,0.15360243832496642,1.2763
127.02079331164506,16446.96650715142,0.15415982882294563,1.2763
126.88092901037274,16423.899993288844,0.1547215847915771,1.2763
126.74634846020716,16400.75154536903,0.15528739411967613,1.2763
126.61568418849065,16377.536162616732,0.155856917639959,1.2763
126.48757444313365,16354.269527393815,0.1564297941750576,1.2763
126.36068109185,16330.967778121603,0.15700564576718978,1.2763
126.23370661844864,16307.647282656673,0.15758408302431523,1.2763
126.10541001282887,16284.32441501551,0.15816471051359887,1.2763
125.97462137508694,16261.015338275829,0.15874713213182853,1.2763
125.8402550793263,16237.735796376697,0.15933095638220998,1.2763
125.70132136883385,16214.50091739589,0.15991580148777237,1.2763
125.55693628077107,16191.325030701333,0.1605013002735332,1.2763
125.40632982500793,16168.221500156282,0.16108710475261476,1.2763
125.24885236783541,16145.20257530645,0.1616728903557036,1.2763
125.08397919670738,16122.279262195947,0.16225835974854777,1.2763
124.91131326663073,16099.46121515176,0.16284324618853205,1.2763
124.73058615212406,16076.756650548461,0.16342731637866775,1.2763
124.5415909688802,16054.173330167485,0.16401034570848447,1.2821437405747773
124.34075020434557,16031.764566946584,0.16459092442228548,1.2986892421232448
124.11919961001657,16009.653191155687,0.1651658126800414,1.3170858310605025
123.867327529259,15987.976157176376,0.1657313573631325,1.337743011561303
123.57504193620751,15966.881682167235,0.1662835623905189,1.3617296442976066
123.23127248406803,15946.535500702415,0.16681792190218275,1.3913281520494432
122.82290385267365,15927.134425655773,0.16732905903649717,1.4298437252439502
122.33376792699944,15908.919175338755,0.16781038004606944,1.4674457614196779
121.74989965732411,15892.107134774185,0.1682558510961962,1.4990964009489058
121.06234557538775,15876.854222890928,0.1686610327404669,1.5266179332502636
120.26747252389359,15863.247864478202,0.16902329833094093,1.536757790738949
119.37330796173144,15851.225429524393,0.16934403984595303,1.521868248889013
118.40552895624299,15840.498193443165,0.16963074107785464,1.469073455260677
117.40642697245906,15830.563975973866,0.16989668058826177,1.4258574824502586
116.41307200883436,15820.97454727496,0.17015378555207106,1.4084990292564294
115.44894093183638,15811.43878405194,0.1704098374915123,1.400509157266017
114.52866435045217,15801.767519026813,0.1706699214599493,1.4022955060183215
113.66426753996555,15791.800115526572,0.17093838468779726,1.3734550071658536
112.87884108673082,15781.24334041298,0.17122318261996683,1.3466576138271502
112.19422366084936,15769.813361030292,0.17153207264727707,1.3196173379196314
111.6291833333715,15757.255353337314,0.17187208961731354,1.2963697642682712
111.19783419672616,15743.360444952215,0.17224908961861263,1.2799877667716812
110.90778489585749,15727.986249328922,0.17266718976357293,1.2717147936030782
110.7595452949551,15711.064209835067,0.1731285567648028,1.2712421492750434
110.74697261981606,15692.596461441026,0.1736334733243312,1.2778704838248298
110.85804712732003,15672.65012154014,0.17418046948787716,1.2905919827217347
111.07588479105786,15651.349718166171,0.17476650142926659,1.3081743309452127
111.38007284818981,15628.866222362707,0.17538722261380707,1.3274098331035464
111.74856250340989,15605.399235090305,0.17603744740406335,1.3467313328524948
112.15922117871989,15581.161864757309,0.17671154874625958,1.3637647908816515
112.59114133894441,15556.367019479929,0.17740382600890142,1.380932479540804
113.02419055638661,15531.232990245127,0.17810834134551726,1.3971333871985374
113.43984580328981,15505.973720860171,0.17881918597904295,1.407134495150295
113.82398867168183,15480.764645683337,0.17953144663003015,1.4041547682597295
114.17023168054446,15455.699634934428,0.18024244959960237,1.4004371605606607
114.47395313643494,15430.856407187473,0.18094993990237285,1.402682064676205
114.72844247148848,15406.34132157466,0.18165080753467736,1.403872080057265
114.92837768326169,15382.248880680345,0.18234223686756798,1.4044959121578744
115.06990389560315,15358.659560381115,0.1830217770331976,1.4048513390132935
115.15042563143022,15335.641041189641,0.18368731527973847,1.4049325213370736
115.16859292361247,15313.247293941686,0.1843371118302004,1.4047389508676194
115.12426972471418,15291.517956507383,0.18496982658412284,1.4042752246931895
115.0184828643445,15270.478049129615,0.18558453589465776,1.4035507417693764
114.85338867634026,15250.137600913877,0.1861807516083995,1.4018602649951923
114.63252631090188,15230.487958325726,0.18675853743176773,1.399580238553041
114.35958624342294,15211.515890087485,0.18731810092945245,1.4071643562566827
114.03544033164394,15193.23901946694,0.1878587456931453,1.403561124590435
113.66672967027279,15175.60488371514,0.1883818568666571,1.3906068377088974
113.26643715804897,15158.48184490583,0.18889120040846777,1.3742517910857965
112.84958676253285,15141.707737099767,0.18939149993577203,1.3579978723297603
112.43083353405486,15125.117868595626,0.18988760773196117,1.3410554574488216
112.02461293390684,15108.543698437334,0.19038454378151878,1.32282711574951
111.64522672139897,15091.81199078647,0.1908875223017975,1.305041800491396
111.30566311921874,15074.758465244477,0.191401542547746,1.2886049640072155
111.01667958633433,15057.238634324633,0.19193105944919925,1.2754806606824918
110.78579144415905,15039.139994677467,0.19247960854708143,1.2659232458685394
110.61703588722092,15020.385730536133,0.19304968293213218,1.2599847337020982
110.51103155306454,15000.935314918803,0.19364270192134536,1.2575070944941071
110.46521897644914,14980.783279199646,0.19425903392174165,1.2581923305839993
110.47423354328797,14959.956638177404,0.19489805947850034,1.2615860085586879
110.53039787238498,14938.511010797281,0.1955582742688926,1.2671387596021733
110.62428970553779,14916.52579252824,0.19623742229604246,1.2742433987246564
110.74534769581723,14894.09866254542,0.19693265170840588,1.2822601513265885
110.88249019424282,14871.339582537981,0.19764068945481175,1.2905259434310645
111.02472098345353,14848.364490368782,0.19835802938055092,1.2984688548304733
111.16166490015331,14825.289299743907,0.19908111528074213,1.3055620377639838
111.28404871889848,14802.22404766218,0.19980652394843157,1.3110364528934109
111.38423694316863,14779.265956233274,0.20053118720937246,1.3148254237431851
111.45637893129248,14756.496581063988,0.20125248959825534,1.3169414886533006
111.49641105260572,14733.980515918667,0.2019683188007543,1.3172715481860833
111.50211618868158,14711.763423786279,0.20267713865950596,1.3157968389611792
111.47309371521622,14689.87111039463,0.20337803001486188,1.31258685749802
111.41064391166724,14668.309674667264,0.20407069727197308,1.3077779136765166
111.31764578349534,14647.065874619673,0.20475546757407587,1.3009787878704395
111.1985108944891,14626.10674785321,0.2054333135191198,1.2929985403126372
111.05869335001175,14605.384486613355,0.20610570501314798,1.2841873855005803
110.90427342572382,14584.840761016654,0.20677447580503155,1.274875326482818
110.74160281160204,14564.410558277244,0.2074417030846014,1.2654545540414817
110.576939883971,14544.026310545132,0.20810957529437554,1.2562533597265315
110.41613210133352,14523.621641164716,0.20878027009497077,1.2475563507233896
110.26434700516462,14503.13468487336,0.20945584425445282,1.2396357645937506
110.12584333253895,14482.511062541967,0.21013813305961862,1.2326197382497248
110.00386249521115,14461.705578524516,0.21082869038995544,1.2265544360351428
109.90056744910484,14440.683433542577,0.21152874385166856,1.2216687669951927
109.81693527377018,14419.422024371554,0.21223912937540473,1.217950756919056
109.75279522270245,14397.911161531474,0.21296027753595148,1.2153262044337203
109.70693537566076,14376.152515251431,0.21369222545294717,1.2136679902690393
109.67725683766923,14354.158490484007,0.2144346480793188,1.2128074788472119
109.66096316891502,14331.950636482494,0.21518690578778443,1.2125472210293209
109.65477186251799,14309.557708965263,0.21594810468379672,1.2126741630877471
109.65513459918502,14287.013510002336,0.21671716574491626,1.2129726055113288
109.65845362876311,14264.354632662838,0.21749289871002817,1.213236230064326
109.6612828606065,14241.618234172678,0.21827407662477769,1.2132786175888393
109.6605039719981,14218.83995281058,0.21905950710425542,1.2129418048979181
109.65346994188599,14196.052070089863,0.2198480967101201,1.2121025691259129
109.63811075695814,14173.282001288015,0.22063890535702582,1.2106762744279866
109.61299850539139,14150.551174645134,0.22143118835416764,1.20861226848515
109.5773781801507,14127.874257407846,0.222224427193762,1.205875887581639
109.53116419288817,14105.2587548977,0.22301834784353838,1.2025265191482513
109.4748764798237,14082.705308306997,0.22381291470484949,1.1986284282527295
109.4095560443804,14060.20827251605,0.22460831444337653,1.194271099334876
109.33666023298633,14037.756583049897,0.22540492911987875,1.1895619303156875
109.25794322581308,14015.33486027878,0.2262033002215977,1.18461852883155
109.17532651523659,13992.924703267121,0.22700408509541772,1.179616516129203
109.09074578824656,13970.506333115389,0.22780799987785597,1.1746330414750465
109.00605329097074,13948.059694118487,0.22861578075520464,1.1697470443218703
108.92293753216136,13925.565414003242,0.22942814951033672,1.1650447609316181
108.84284212739288,13903.005822856923,0.23024577622265607,1.1605940198713287
108.76690526132079,13880.36578702784,0.23106924793091768,1.156463255545122
108.69590638441139,13857.633499990037,0.23189903821200136,1.1526930398937567
108.63024746744551,13834.800916933491,0.23273548918708462,1.1492418607563524
108.56998825582599,13811.863589343797,0.23357881523943153,1.1460942799461604
108.51487591693508,13788.820547202537,0.23442910504939732,1.1432189811381557
108.46438767741563,13765.67401954965,0.23528632966508958,1.1405719921279456
108.4177850791528,13742.428999870266,0.2361503565231741,1.1381003445737683
108.37417574348059,13719.092694231766,0.23702096815823312,1.135745923769392
108.3325784557729,13695.6738933108,0.23789788418244517,1.133449271252626
108.29198755021287,13672.182310227703,0.238780785045867,1.1311531259453518
108.25143295701086,13648.627924582679,0.23966933609953278,1.1288055226996196
108.21003283232211,13625.020369487771,0.2405632105740545,1.1263623079052378
108.16703637894918,13601.368393017594,0.24146211024724287,1.1237889772881273
108.12185523445264,13577.679418745729,0.24236578279392185,1.1210617882678704
108.07408260267106,13553.95922234302,0.2432740350748842,1.1181681454190642
108.0235000868619,13530.21173308169,0.2441867419126827,1.1151063001238337
107.97007290399925,13506.438961023587,0.24510385020095013,1.1118844422143221
107.91393478292271,13482.641043159247,0.2460253784823395,1.1085192905737922
107.85536014732448,13458.816442906143,0.24695141053409783,1.105088505051253
107.79470709732621,13434.962498948147,0.24788207514257699,1.1015774157533362
107.73240490762454,13411.075507372816,0.2488175437220115,1.0979996316410134
107.66893640353422,13387.150868871273,0.24975802531105692,1.0943843423704949
107.6048048034433,13363.18342384792,0.2507037540222629,1.09076005056973
107.54050233728267,13339.167789560428,0.2516549761220989,1.0871529640986857
107.47648240830601,13315.098678425948,0.25261193756533135,1.08358567230119
107.4131366216032,13290.971180466211,0.2535748726787579,1.0800761588723402
107.35077759700297,13266.780996568994,0.2545439945612102,1.0766371792730225
107.2896280585937,13242.524613397654,0.25551948761612653,1.0732760064116351
107.22981627534251,13218.199415089422,0.25650150247100706,1.06999452599866
107.1713775417312,13193.803731076223,0.2574901533753148,1.0667896437531819
107.11426105438905,13169.33682320113,0.2584855180145268,1.063653951376027
107.05834127584534,13144.79881860027,0.2594876395411139,1.0605765874879212
107.00343257742345,13120.19059871212,0.2604965304570908,1.0575492985559236
106.94930234961048,13095.513696049935,0.2615121762692659,1.054558728398046
106.89568868886923,13070.770131078947,0.2625345417118461,1.0515820573174002
106.84232360139497,13045.962174427917,0.26356358022066273,1.0486044562227874
106.78895001478972,13021.092162555617,0.26459924140229024,1.0456125836125993
106.73533618797482,12996.162330394818,0.2656414779698716,1.0425952445829552
106.68128720092653,12971.174666187457,0.26669025191079265,1.0395438560826111
106.62665310173425,12946.130795182224,0.26774553958230923,1.0364527083519013
106.57133413784881,12921.031889571635,0.2688073358155768,1.0332794911033094
106.51531533812029,12895.878244943347,0.2698756723083361,1.0299925682352555
106.45867593151429,12870.669110482353,0.2709506256134779,1.0266754458753655
106.40152864229387,12845.40330233146,0.27203229172004484,1.0233360500230089
106.3440050014335,12820.079342791405,0.2731207804406307,1.01998280257378
106.28624511768376,12794.695559854052,0.27421621137699986,1.016624037537889
106.2283879329092,12769.25018864524,0.27531870970417255,1.0132674815629412
106.17056253326356,12743.741468155786,0.2764284020570972,1.0099198255294493
106.11288475603912,12718.167685169528,0.27754541462817056,1.0065378316359124
106.05547928685604,12692.52693516304,0.2786698836557375,1.0031631196470747
105.99845450738253,12666.817395019303,0.2798019435861177,0.9998162492084035
105.94188118802738,12641.037573204147,0.2809417159440064,0.9964991276869014
105.88579173210007,12615.186345518703,0.28208930746850064,0.993211436092622
105.83018213274677,12589.262961659053,0.28324480950829156,0.9899508864128824
105.77501610774516,12563.267026488602,0.284408298537221,0.986713581256848
105.72023091876778,12537.198459853827,0.2855798376500392,0.9834944416925769
105.66575702878526,12511.057298181926,0.28675948525088785,0.9801858068228988
105.61157040297972,12484.843115397134,0.28794732124417877,0.9768870518957684
105.55764656657853,12458.555500692682,0.28914342569120366,0.9736023349881486
105.50394450664044,12432.194239642364,0.2903478705140398,0.9703282683213927
105.45041126873335,12405.75927611726,0.2915607210692214,0.9670610284677474
105.39698687490468,12379.250667285136,0.2927820380809877,0.9637966651437025
105.34360918819701,12352.668535528424,0.29401187976666016,0.9605313851321814
105.29021839548435,12326.01302089287,0.29525030399141566,0.9572617944361143
105.23676786836184,12299.284159225737,0.2964973739522383,0.9539088194078316
105.18327014591249,12272.481360123676,0.29775318279635676,0.9505352771572625
105.12976071607959,12245.603761827648,0.2990178375165748,0.9471631052550548
105.07627017109677,12218.650523721835,0.30029144538684804,0.9437938583551789
105.0228224750318,12191.620848964718,0.30157411288254266,0.9404285924573927
104.96943401266392,12164.513999948547,0.3028659449153844,0.9370678464367206
104.91611328618835,12137.329307425689,0.3041670443524797,0.9337116626433398
104.86286120978416,12110.066173355206,0.3054775118254973,0.9303596407611354
104.8096723438088,12082.724063207801,0.30679744604503006,0.9270035767495151
104.75654132841225,12055.302439731224,0.3081269469676321,0.9236463044707033
104.70346155260619,12027.800777310027,0.30946611511257704,0.9202916996595915
104.65042176512522,12000.218600827053,0.3108150496596817,0.9169387916543682
104.59740733384183,11972.555475537616,0.31217384890860456,0.9135864861884586
104.54440169671837,11944.810993864177,0.3135426109025493,0.9102336589767984
104.49138778458408,11916.984761356829,0.31492143410987006,0.9068792405709578
104.43834931458493,11889.07638293543,0.31631041810962646,0.9035222872361789
104.38527540950076,11861.085410986538,0.3177096662062899,0.9000138461780932
104.33229473839839,11833.009860913371,0.31911936020245196,0.8963026687986428
104.27968531698642,11804.845971521017,0.3205397742464389,0.8926358442447223
104.22766897196568,11776.590357423976,0.32197116759701555,0.8890236797527512
104.17638898569686,11748.240300466094,0.32341376940701083,0.8854705957438688
104.12590863906594,11719.793829489987,0.3248677739406271,0.8819755247579916
104.07621639297126,11691.24972940201,0.32633333930215436,0.8785327042482001
104.02723646850342,11662.607487639507,0.32781058936852875,0.8751327500486599
103.97884329697261,11633.86719020407,0.32929961839599975,0.8717638881920068
103.93087149017485,11605.029455535732,0.3308004937812874,0.8684964115258649
103.8830766880466,11576.095902926498,0.33231323088954207,0.8652568806665244
103.83519431051178,11547.06857939497,0.3338378220212787,0.8619945851204671
103.7869990721048,11517.949321911863,0.335374269603209,0.8586974373146785
103.73831830574345,11488.739579853012,0.3369225958495984,0.8553575939133278
103.6890389353487,11459.440294901175,0.33848284962508485,0.8519715313870395
103.6391087557341,11430.051836546007,0.340055110515548,0.8485397626512243
103.58853262880346,11400.573991368803,0.34163949011239114,0.8450662627838138
103.53736454353073,11371.006000160458,0.3432361307404003,0.8415576872172792
103.48571315719126,11341.34645372975,0.34484521183036,0.8378986216993234
103.43379628311989,11311.592641260722,0.3464669863775896,0.8342236923559027
103.3818499508638,11281.741448265368,0.3481017333677828,0.8305623748403483
103.33007721407905,11251.789902074343,0.34974972828308926,0.8269261647635507
103.27863543770232,11221.735337623883,0.35141123380623424,0.823322631054487
103.22762920052826,11191.575513712252,0.3530864930171105,0.8197553105921251
103.17710865360914,11161.30867667406,0.35477572533706603,0.8162239618480476
103.12707275262719,11130.933573082175,0.3564791252234152,0.8127251081019046
103.07747889915315,11100.449389972913,0.35819686492195413,0.809116891825957
103.0283980246342,11069.854098369276,0.3599291879257958,0.805286460232909
102.98006505372177,11039.143773770047,0.36167644943876665,0.8015311741666226
102.93262538977052,11008.315232272147,0.3634389679945666,0.7978536333483299
102.88684294492104,10977.365927640683,0.3649687471282423,0.7944655956661291
102.84470615176079,10946.291335367603,0.36641810071987574,0.7914313047513774
102.80622309929942,10915.088476469828,0.36787786324787447,0.7886647489934583
102.77097311947598,10883.758004342575,0.3693480681202303,0.7861098935353943
102.73829557439083,10852.303552978547,0.37082860832714604,0.78369937363081
102.70738929653966,10820.730883672328,0.3723192746273725,0.7813626468221462
102.67741043164514,10789.046958993129,0.3738197978925564,0.779033218393985
102.64755957328552,10757.259042515974,0.3753298910147625,0.7766543862621262
102.61717781911277,10725.373619284546,0.37684930015258034,0.7738678435238807
102.58603738905401,10693.393092337956,0.37837796340281005,0.7708641465422199
102.55419027168833,10661.317009177397,0.3799159548915963,0.7678026605069403
102.52176078625838,10629.144078378638,0.3814633897485618,0.7647005008558511
102.48891732166479,10596.87240712621,0.3830204132643884,0.7615764416812891
102.45584612451098,10564.499742918631,0.38458718964077304,0.7584485406332233
102.42272750307436,10532.023713778462,0.3861638906001649,0.7553322439689294
102.3897167098477,10499.442040381933,0.38775068514976924,0.7522391047002192
102.3569308687367,10466.752701064403,0.3893477314578178,0.7491761558031728
102.32444240699643,10433.954039115722,0.3909551714089511,0.7461458994731139
102.29227864104784,10401.044810043282,0.39257312801278726,0.7431468100487846
102.26042652651607,10368.024173644495,0.3942017054900804,0.7401742068901902
102.22884116126578,10334.891641159908,0.39584099158717073,0.737221335343263
102.19745652692933,10301.6469901395,0.39749106154042124,0.734264214316811
102.16622260863014,10268.289882798024,0.39915199690482805,0.7312436792224319
102.13514153709096,10234.819451117657,0.4008239064085893,0.7282382293157861
102.10420660809595,10201.23491191865,0.40250689551260566,0.7252455316382105
102.07339618486391,10167.535643672918,0.4042010624844296,0.7222622746543303
102.04267893076147,10133.721144738738,0.40590650038646736,0.7192847351209695
102.01201925309144,10099.790984194702,0.40762329947806913,0.7163092923201994
101.9813822752706,10065.744752385754,0.4093515496791396,0.7133328377971059
101.95073782979681,10031.582017083178,0.4110913427954963,0.71035305026513
101.9200631699933,9997.302289455622,0.4128427742856174,0.7073685267944069
101.88934430479003,9962.905002138608,0.4146059444407206,0.7043787802093975
101.85857604283724,9928.389499838688,0.4163809589421633,0.7013841269740492
101.82776097226512,9893.755041327358,0.4181679288409544,0.6983854987634901
101.79690769067194,9859.000810514244,0.4199669700658351,0.6953842142646898
101.76602863465166,9824.12593360688,0.42177820260473065,0.6923814446979938
101.73514711228015,9789.129398958023,0.4236017547487068,0.6893332188541043
101.70431790165807,9754.009818539842,0.42543777571341673,0.6862957614763062
101.67358788819072,9718.765822526035,0.42728641524851085,0.683271745009214
101.64298347712861,9683.39620535312,0.429147815939328,0.6802617410104808
101.61251122633396,9647.899940095422,0.4310221123192497,0.677264550041802
101.58216082405686,9612.276167020167,0.43290943133465776,0.6742776896297098
101.55190960220186,9576.5241625826,0.43480989386100405,0.6712979497598976
101.52172773288225,9540.643296398253,0.43672361689205086,0.6683219335405329
101.4915833282787,9504.632983828416,0.4386507160087699,0.6653465178414705
101.46144682108294,9468.492640937964,0.4405913077708483,0.6623691909591077
101.43129420982494,9432.221647018025,0.4425455117485813,0.6593882479594115
101.40110897486063,9395.819317935246,0.4445134520098378,0.6564028460450183
101.37088267595436,9359.284891584337,0.44649525797958606,0.6534129396686469
101.34061440804264,9322.617524943627,0.4484910646841649,0.6504191267370156
101.31030304280765,9285.816369353197,0.45050100872074295,0.6475017940797115
101.2798715828571,9248.88139286772,0.4525251831306644,0.6446115136280024
101.24921711994661,9211.812932679844,0.4545636612964226,0.6416925931933246
101.21828409597121,9174.610920499803,0.4566165394137095,0.6387443703224399
101.1870630905525,9137.27484331359,0.4586839390562978,0.635770007542265
101.15558287432981,9099.80377787714,0.4607660056890041,0.6327753401842008
101.12389924306143,9062.19646834651,0.4628629047389852,0.6297676143487598
101.09208265255012,9024.451428976745,0.4649748161785014,0.6267542949882219
101.06020644084313,8986.567054131188,0.4671019285817973,0.6237420808935311
101.02833700855471,8948.541720334744,0.4692444335052546,0.6207362109503393
100.99652681711993,8910.373869056197,0.47140252084004564,0.6177400927900962
100.96481054126724,8872.062063536712,0.47357637554151916,0.6147552378629816
100.93320424529327,8833.605017576088,0.4757661758887913,0.6117814509083456
100.90170709198763,8795.001598163171,0.4779720932047251,0.6088171993318028
100.87030294896425,8756.250827357639,0.48019429161314653,0.6058755154135983
100.8389520151826,8717.351991671485,0.48243292159345685,0.6029395828062443
100.80760877515563,8678.30447681733,0.4846881292871161,0.6000004425264233
100.77623640223007,8639.10761728089,0.486960065144002,0.5970556315354888
100.74480971292235,8599.760654468017,0.48924888642818026,0.5941039483599699
100.71331596349185,8560.26271451133,0.49155475862777465,0.5911453436600674
100.68175387854667,8520.612804038474,0.4938778558407205,0.5881806840473552
100.6501313951838,8480.809820778257,0.49621836029432537,0.5852114455459875
100.61846267650843,8440.85257458546,0.49857646123786786,0.5822393909682925
100.58676493244803,8400.739814002794,0.5009523534819275,0.5792662766593591
100.55505550252744,8360.470253745643,0.5033462358502867,0.5762936210252413
100.52334952887435,8320.042599313185,0.5057583097691936,0.573322552552382
100.49165840336426,8279.455566081511,0.5081887781562497,0.570353740921139
100.45998903316416,8238.70789150163,0.5106378446996751,0.5673874030797914
100.42834511809502,8197.798326643233,0.5131057143696601,0.5644170686361933
100.39673184237634,8156.725588583004,0.5155925963161049,0.5614495578871265
100.36515068198275,8115.488414462269,0.5180987006405706,0.5584849585998884
100.33359828384424,8074.0855784818605,0.5206242373607136,0.555522565178652
100.30206791913555,8032.515882083624,0.523169416996071,0.552561502118076
100.27055107567543,7990.778140882023,0.5257344513669797,0.5496008744373528
100.23903894513799,7948.871170772531,0.5283195544622278,0.5466398881038734
100.20752362688859,7906.793775236756,0.530924943251877,0.5436779305629026
100.17599894634844,7864.544735272792,0.533550838354804,0.5407146090179746
100.14446085985091,7822.122802718866,0.5361974645090193,0.5377497503620242
100.11290748027795,7779.526697112941,0.5388650508305277,0.5347833710765209
100.0813388022473,7736.75510571853,0.5415538308783279,0.5318156277459138
100.04975622987018,7693.806685994404,0.544264042566001,0.5288467592142048
100.01816221098208,7650.680067946626,0.546995928078344,0.5258200678578806
99.9867219203247,7607.37217922305,0.5497498406460608,0.5223818028005192
99.95596766216956,7563.8756713955645,0.5525264112793876,0.519047321841279
99.92629410625837,7520.183892783259,0.5553262348453966,0.5158299801821881
99.89786812815699,7476.292098754951,0.5581497913270963,0.5127253430561715
99.8706574705084,7432.197441494201,0.5609974442181327,0.509711755857895
99.8444836496204,7387.89866422973,0.5638694580810508,0.5067579285680719
99.8190851675641,7343.3956166885855,0.5667660281812826,0.5038302153744306
99.79417857850153,7298.688710755839,0.5696873147392797,0.5008985075436563
99.76950824541254,7253.778416474735,0.5726334753457312,0.4979401349138255
99.74487959771724,7208.664868293654,0.5756046908742193,0.49494163286641096
99.72017456671867,7163.347617291204,0.5786011823411298,0.49189860731718166
99.6953510416444,7117.825533322231,0.5816232181959651,0.4888141799790216
99.67042320871255,7072.096905365147,0.5846711085481691,0.4858432640674625
99.64523751523816,7026.16173512014,0.5877450521873514,0.4830083927977528
99.61949908315249,6980.0218394897165,0.5908451274141857,0.4800872509597319
99.59306572742976,6933.677800440319,0.5939714957590188,0.4770639057960032
99.56597455225058,6887.128449617169,0.597124438632367,0.473931356783378
99.5384120390615,6840.370925030301,0.6003043558814445,0.47076968395902785
99.51059635752104,6793.401736247456,0.6035116952974227,0.4676036866653448
99.482726966461,6746.217263019472,0.6067469193094663,0.46445193226774123
99.45495605181655,6698.814087607979,0.6100104823271042,0.4613252830980834
99.42737547855963,6651.1892012367625,0.6133028162406261,0.45822711663662546
99.40001739372848,6603.340082996258,0.6166243244335077,0.455154755912771
99.37286477998947,6555.264671588186,0.6199753831312254,0.4521015466085384
99.34586753020412,6506.961263135335,0.6233563479704602,0.4490590545127813
99.31895983353903,6458.428372091712,0.6267675633329497,0.44601897500761933
99.29207554954651,6409.664588766144,0.630209372154493,0.44297450379019426
99.26515947267069,6360.668458635915,0.6336821244343094,0.4399210775087267
99.23817365520864,6311.438398168058,0.6371861833558979,0.4368565262522778
99.21109903223126,6261.972651643745,0.6407219286258812,0.43378077057030706
99.18393334030286,6212.2692852009695,0.6442897572197653,0.4306952392531303
99.15668666018757,6162.326209310408,0.647890082091478,0.427603954544672
99.1293730540861,6112.141249715474,0.6515233273322166,0.42451097159663864
99.10200497133147,6061.712202612972,0.6551899243513447,0.42141332463124853
99.07459588387385,6011.036807092717,0.6588903140121843,0.4183125410346513
99.0471579660281,5960.1127677689265,0.6626249451335637,0.41520972110186427
99.01970017414295,5908.93777692141,0.6663942729874462,0.41210544750763567
98.99222742620572,5857.509527775289,0.6701987584132305,0.40899981088182114
98.9647407183176,5805.8257190072745,0.6740388675611769,0.40589251440119634
98.9372378942879,5753.884052088192,0.677915072163968,0.40278301658703947
98.90971474771715,5701.682223886234,0.6818278501706012,0.39967067609071844
98.8821661665062,5649.217917112249,0.6857776865590375,0.3965548720624841
98.85458710370224,5596.4887908418405,0.6897650741637497,0.3934350855163052
98.82697325066879,5543.492472700607,0.6937905143977886,0.39031093823583124
98.7993213771221,5490.226553548921,0.6978545178020396,0.387182194398728
98.77162937257685,5436.688584815143,0.7019576044047154,0.38404873534407596
98.74389606770085,5382.876078107036,0.7061003039136121,0.38091051978231016
98.71612061024707,5328.786509835239,0.7102831555238759,0.3777730839526794
98.68829408387694,5274.4174107126255,0.7145067011108971,0.374635172487281
98.66040294036917,5219.766344717276,0.7187714868810795,0.3714888564063505
98.63244097655023,5164.83078410547,0.7230780732346421,0.36833426972621536
98.60440842641663,5109.608106229019,0.7274270352849597,0.36517204437673356
98.57630970118412,5054.0956066085655,0.7318189621015933,0.3620030125081619
98.54815103696781,4998.290516683775,0.736254455558007,0.35882796051907245
98.51993850710696,4942.190021526111,0.7407341291484467,0.3556474644298559
98.49167665373372,4885.791274209348,0.7452586070387809,0.3524618124190291
98.46336780336819,4829.091405132607,0.7498285234967992,0.3492710024852734
98.43501198566348,4772.08752602908,0.7544445227361838,0.34607479287989285
98.40660728706455,4714.776729451616,0.7591072591233228,0.3428727798796793
98.37815044114836,4657.156085120664,0.7638173976454742,0.3396644800582547
98.34963747338075,4599.222634678407,0.7685756145218529,0.33644940030794745
98.32106426323537,4540.973386216499,0.7733825978492405,0.3332270862524065
98.29242694548819,4482.4053095417685,0.7782390482030355,0.3299883636678942
98.26380267029103,4423.514472763673,0.7831457509697817,0.3265106762128328
98.23549326869455,4364.294269444142,0.7881037271009754,0.3231059933447892
98.20768064145949,4304.738764700601,0.7931139565698081,0.3197727939993463
98.18037364884839,4244.843519700782,0.7981773074049412,0.3164940654357674
98.15346319903361,4184.605307872571,0.8032945570176315,0.3132457858400196
98.12678270918643,4124.021675609623,0.808466427470286,0.3100039991670104
98.10016000754719,4063.090486650784,0.8136936231979955,0.30674951999194017
98.07345305200492,4001.8095466445443,0.8189768629246464,0.303470103767604
98.04656763047079,3940.176356321837,0.8243169013623611,0.30016048682809093
98.01945946798412,3878.1879997047213,0.8297145397726621,0.29682099952290264
97.992125526818,3815.84114438155,0.8351706270107138,0.2934555124277296
97.96458988951441,3753.132115902102,0.8406860540612638,0.29006935779952125
97.93688891583236,3690.057006078203,0.8462617453989807,0.28666765803977545
97.90905893705461,3626.6117816657497,0.8518986500464761,0.283254263977335
97.881128130881,3562.7923711955978,0.857597734310279,0.27983131187436155
97.85311285620692,3498.5947191809746,0.8633599772251677,0.2763859049426757
97.8250608825326,3434.014344817036,0.8691864106740892,0.2728470875920758
97.79709679759277,3369.0457464270107,0.8750781747772646,0.26933217083196714
97.7692751045014,3303.6838617563885,0.8810363871133475,0.26583680695231604
97.74157492393401,3237.9242767658593,0.8870621228073218,0.2623506748431605
97.71393021412904,3171.7630465417847,0.8931564298124425,0.25886163842843946
97.68625862658136,3105.1964719359144,0.8993203487859656,0.2553587898641678
97.65848338771599,3038.2208945822363,0.9055549318806313,0.2518341316812957
97.63054607483106,2970.832546653713,0.911861256997843,0.24828302972223912
97.6024108513428,2903.027467120032,0.9182404362215069,0.2447037833317913
97.57406233978769,2834.8014779964865,0.9246936188297483,0.2410967227540268
97.54549988030416,2766.150203767489,0.9312219902822555,0.23746319637594288
97.51673069832012,2697.069114167315,0.9378267689299955,0.2338047023015062
97.48776382089565,2627.553572812765,0.9445092020477736,0.23012229504138648
97.45860575014314,2557.5988793868955,0.9512705623560672,0.22641629124557922
97.42925815703478,2487.200298999409,0.9581121456724171,0.2226862254722343
97.3997479615203,2416.352753282314,0.9650353016257466,0.21875034643358687
97.37032695752612,2345.0485450577944,0.9720416591444597,0.21479616077271885
97.34119991549373,2273.2797805941937,0.9791328940366526,0.21089519544581237
97.31237767446703,2201.0401553125403,0.9863105521581987,0.20702692636408412
97.28374637253297,2128.3246215190893,0.9935760788161275,0.20316401798521952
97.25513828724789,2055.1288896743613,1.0009308659477998,0.19928060699554206
97.22638675723854,1981.4489491236695,1.0083762989394431,0.19535698016139474
97.19735912857746,1907.2807072464398,1.015913792979927,0.19138101447420464
97.16796898215239,1832.6197806603247,1.023544815076852,0.18734733113194493
97.13817305365947,1757.4614250734955,1.0312708925342475,0.18325525258339107
97.10795955234255,1681.8005649963616,1.0390936113618923,0.17910648850923114
97.07733385226918,1605.6318779389387,1.047014608936736,0.1749031685048042
97.04630573877826,1528.9498939465614,1.055035564787526,0.17064651396728825
97.01488037001674,1451.7490838497188,1.0631581922353968,0.1663361802240705
96.98305502346281,1374.0239052275333,1.0713842342173021,0.16168376651367417
96.95156427323457,1295.7607902075833,1.079716319387568,0.1557073755289262
96.92226548180153,1216.9312902601846,1.0881587246218147,0.15042509425341502
96.89565285360794,1137.5171553738307,1.0967147140671962,0.14564058536669153
96.87111534936646,1057.5110483897945,1.1053864304643501,0.14108549696259026
96.74679417585867,977.6933109098485,1.114089903931376,1.2763
94.97533491083246,914.7067911764393,1.1209950006316087,1.2763
91.0004544145909,878.5412792028233,1.1249745279537515,1.2763
85.08098135015783,868.5860208471847,1.1260718645757268,1.2763
77.65888566579531,880.0633393146105,1.1248068282110786,1.5372164159817199
68.97887494336014,908.1915132262419,1.1217111226154923,1.2301026963454025
60.03121965324076,941.9890605794328,1.1180000880338108,0.6551630323006917
52.066517185620356,971.0754129753434,1.1148138780325842,-0.07583034273600461
46.24685815765775,989.1762787335633,1.112834562344707,-0.289210250540167
43.12362298928705,995.0998657213049,1.1121874069231337,-0.2927030972277511
42.733891692954934,989.4320986669305,1.1128066079133694,-0.18417133949202388
44.58683298647967,973.3925267852801,1.1145603532260595,0.20289731399343583
47.69461274120039,949.5296644070338,1.1171733986438024,0.6266109443571599
51.10417102287182,920.984763223078,1.120305292888296,0.9059217291096116
54.219358833914725,890.4638359444309,1.1236614190127108,1.063843810238011
56.6944548497458,860.3433070979261,1.1269810523572503,1.1613710944446751
58.33536366114722,832.7137038297684,1.130032749591575,1.2056452797590174
59.083745153112716,809.0602770516623,1.1326502961862337,1.1981166857443428
59.016426226895696,789.9347811405488,1.1347701602508724,1.1510611716232477
58.31647572055256,774.9476557545962,1.1364334487063905,1.0817352970324672
57.22247242836519,763.0626851055235,1.1377537819168881,1.004179155029816
55.98118185422872,752.9661818694101,1.1388763511596087,0.9261824348781253
54.81444546876079,743.3541941693358,1.1399458371793973,0.8591715418085368
53.88988141320263,733.1551383766339,1.141081483821255,0.8158759090096706
53.29935293356715,721.6688553892559,1.142361496975832,0.7978339458478432
53.05888500465253,708.5751936974059,1.1438219733656205,0.8053193939965886
53.12030916223925,693.8927112066531,1.1454613664688345,0.8287777510602955
53.39759813391309,677.8736764173984,1.1472520440244172,0.8594324878450547
53.79220287354474,660.9021731165287,1.1491515282159446,0.8916259526846608
54.2105426291586,643.4187128690473,1.1511108266332042,0.9180148123926193
54.579424317443596,625.8336491172156,1.153084088293219,0.936444831771881
54.85169095446979,608.4747335536729,1.1550345104047668,0.9465793216213512
55.00574031925651,591.5619800852375,1.156937228875116,0.948663020452562
55.042968537418695,575.1952084823276,1.1587808054473665,0.9440892761272299
54.98239546648808,559.3635505876414,1.160566243671839,0.9349607866801591
54.85376271240641,543.9719661307653,1.1623040688875872,0.9235830961065893
54.690515257249885,528.8761436876193,1.1640104334301993,0.9120928909978465
54.52374534059582,513.917597213761,1.1657031706709766,0.9021718107151797
54.378040629323394,498.9514752786318,1.1673986491805142,0.8941542746321807
54.26970292479162,483.8625308793738,1.1691099512005447,0.8895009693998988
54.205181576947794,468.5807798149069,1.1708450757035034,0.8880516046227991
54.182093896049665,453.08318360732693,1.1726067190856204,0.8890973460447116
54.191783054507106,437.385697802136,1.1743931507660252,0.8916901249768665
54.222288571910404,421.53109825139643,1.1761995752797543,0.8948580818806129
54.26113356501748,405.57551257935916,1.1780196511477388,0.8977719903950607
54.297514116124105,389.57603772254254,1.1798468962892943,0.8998474840917003
54.32367790918118,373.58112733823583,1.1816757867325178,0.9007820580722311
54.33546353439185,357.62465763973586,1.183502442043732,0.9005365607962741
54.33211496153498,341.723810085855,1.1853248780193963,0.8992775465518023
54.31557638458952,325.88025013287915,1.1871428826778188,0.8972993958872313
54.28950927532986,310.08363267756505,1.188957623784783,0.894944015373921
54.25826218851252,294.3162807122355,1.1907711184708445,0.892532128771471
54.22597689171041,278.55795153958184,1.1925856889713413,0.8903148836032271
54.1959475185943,262.78985580258563,1.19440350073748,0.8884489649215356
54.17027863696235,246.997433852982,1.1962262408497002,0.8869936546317685
54.1498265290346,231.1717330587186,1.1980549559653957,0.8859249444331875
54.13436404143421,215.30950622328382,1.1998900371810632,0.8851601333806368
54.12288633429701,199.41233443983614,1.201731317847021,0.8845861948997006
54.11397151112597,183.48516282325284,1.203578240188012,0.8840862232152693
54.10612210318569,167.53463752045872,1.2054300461809089,0.8835599969120909
54.09803485204277,151.56756937861368,1.207285955052402,0.8829366610795726
54.08877121178115,135.58974919690118,1.2091453010982847,0.8821793427475537
54.07782443396875,119.60522641733743,1.2110076184551581,0.8812829129115946
54.065097474303094,103.61605853729617,1.2128726715324025,0.8802669615098893
54.05081744589197,87.62245766686658,1.214740439249563,0.8791663497055207
54.03541669840747,71.62321157443621,1.2166110670456072,0.8780215312129046
54.01940882650214,55.616240174923846,1.218484802680501,0.8768703340556842
54.00328179261737,39.59915974130686,1.2203619306741438,0.8757422301091478
53.98742197974903,23.569757475307927,1.2222427168043069,0.8746554446384092
53.97207433806209,7.5263185184391155,1.224127369556064,0.87361668942456
